Workbook

Sheet Master
G2: Leg 2
F3: Leg 1 | G3: Feet | H3: 2 | I3: 2.5 | J3: =I3+0.5 -> 3 | K3: =J3+0.5 -> 3.5 | L3: =K3+0.5 -> 4 | M3: =L3+0.5 -> 4.5 | N3: =M3+0.5 -> 5 | O3: =N3+0.5 -> 5.5 | P3: =O3+0.5 -> 6 | Q3: =P3+0.5 -> 6.5 | ... AB3: =AA3+0.5 -> 12 | AC3: =AB3+1 -> 13 | AD3: =AC3+1 -> 14 | AE3: =AD3+1 -> 15 | AF3: =AE3+1 -> 16 | AG3: =AF3+1 -> 17 | AH3: =AG3+1 -> 18 | AI3: =AH3+1 -> 19 | AJ3: =AI3+1 -> 20 | ... BD3: =BC3+1 -> 40
G4: 2 | H4: =IF( (MAX(H$3,$G4)*$C$16)<(48*(MIN(H$3,$G4))^2*$C$15/$C$14/$C$13),"Pass","Fail") -> Fail | I4: =IF( (MAX(I$3,$G4)*$C$16)<(48*(MIN(I$3,$G4))^2*$C$15/$C$14/$C$13),"Pass","Fail") -> Fail | J4: =IF( (MAX(J$3,$G4)*$C$16)<(48*(MIN(J$3,$G4))^2*$C$15/$C$14/$C$13),"Pass","Fail") -> Fail | K4: =IF( (MAX(K$3,$G4)*$C$16)<(48*(MIN(K$3,$G4))^2*$C$15/$C$14/$C$13),"Pass","Fail") -> Fail | L4: =IF( (MAX(L$3,$G4)*$C$16)<(48*(MIN(L$3,$G4))^2*$C$15/$C$14/$C$13),"Pass","Fail") -> Fail | M4: =IF( (MAX(M$3,$G4)*$C$16)<(48*(MIN(M$3,$G4))^2*$C$15/$C$14/$C$13),"Pass","Fail") -> Fail | N4: =IF( (MAX(N$3,$G4)*$C$16)<(48*(MIN(N$3,$G4))^2*$C$15/$C$14/$C$13),"Pass","Fail") -> Fail | O4: =IF( (MAX(O$3,$G4)*$C$16)<(48*(MIN(O$3,$G4))^2*$C$15/$C$14/$C$13),"Pass","Fail") -> Fail | ... BD4: =IF( (MAX(BD$3,$G4)*$C$16)<(48*(MIN(BD$3,$G4))^2*$C$15/$C$14/$C$13),"Pass","Fail") -> Fail
G5: 2.5 | H5: =IF( (MAX(H$3,$G5)*$C$16)<(48*(MIN(H$3,$G5))^2*$C$15/$C$14/$C$13),"Pass","Fail") -> Fail | I5: =IF( (MAX(I$3,$G5)*$C$16)<(48*(MIN(I$3,$G5))^2*$C$15/$C$14/$C$13),"Pass","Fail") -> Fail | J5: =IF( (MAX(J$3,$G5)*$C$16)<(48*(MIN(J$3,$G5))^2*$C$15/$C$14/$C$13),"Pass","Fail") -> Fail | K5: =IF( (MAX(K$3,$G5)*$C$16)<(48*(MIN(K$3,$G5))^2*$C$15/$C$14/$C$13),"Pass","Fail") -> Fail | L5: =IF( (MAX(L$3,$G5)*$C$16)<(48*(MIN(L$3,$G5))^2*$C$15/$C$14/$C$13),"Pass","Fail") -> Fail | M5: =IF( (MAX(M$3,$G5)*$C$16)<(48*(MIN(M$3,$G5))^2*$C$15/$C$14/$C$13),"Pass","Fail") -> Fail | N5: =IF( (MAX(N$3,$G5)*$C$16)<(48*(MIN(N$3,$G5))^2*$C$15/$C$14/$C$13),"Pass","Fail") -> Fail | O5: =IF( (MAX(O$3,$G5)*$C$16)<(48*(MIN(O$3,$G5))^2*$C$15/$C$14/$C$13),"Pass","Fail") -> Fail | ... BD5: =IF( (MAX(BD$3,$G5)*$C$16)<(48*(MIN(BD$3,$G5))^2*$C$15/$C$14/$C$13),"Pass","Fail") -> Fail
B6: Guided Cantilver Check | G6: =G5+0.5 -> 3 | H6: =IF( (MAX(H$3,$G6)*$C$16)<(48*(MIN(H$3,$G6))^2*$C$15/$C$14/$C$13),"Pass","Fail") -> Fail | I6: =IF( (MAX(I$3,$G6)*$C$16)<(48*(MIN(I$3,$G6))^2*$C$15/$C$14/$C$13),"Pass","Fail") -> Fail | J6: =IF( (MAX(J$3,$G6)*$C$16)<(48*(MIN(J$3,$G6))^2*$C$15/$C$14/$C$13),"Pass","Fail") -> Fail | K6: =IF( (MAX(K$3,$G6)*$C$16)<(48*(MIN(K$3,$G6))^2*$C$15/$C$14/$C$13),"Pass","Fail") -> Fail | L6: =IF( (MAX(L$3,$G6)*$C$16)<(48*(MIN(L$3,$G6))^2*$C$15/$C$14/$C$13),"Pass","Fail") -> Fail | M6: =IF( (MAX(M$3,$G6)*$C$16)<(48*(MIN(M$3,$G6))^2*$C$15/$C$14/$C$13),"Pass","Fail") -> Fail | N6: =IF( (MAX(N$3,$G6)*$C$16)<(48*(MIN(N$3,$G6))^2*$C$15/$C$14/$C$13),"Pass","Fail") -> Fail | O6: =IF( (MAX(O$3,$G6)*$C$16)<(48*(MIN(O$3,$G6))^2*$C$15/$C$14/$C$13),"Pass","Fail") -> Fail | ... BD6: =IF( (MAX(BD$3,$G6)*$C$16)<(48*(MIN(BD$3,$G6))^2*$C$15/$C$14/$C$13),"Pass","Fail") -> Fail
B7: Single Plane - 2 member Square leg configuration | G7: =G6+0.5 -> 3.5 | H7: =IF( (MAX(H$3,$G7)*$C$16)<(48*(MIN(H$3,$G7))^2*$C$15/$C$14/$C$13),"Pass","Fail") -> Fail | I7: =IF( (MAX(I$3,$G7)*$C$16)<(48*(MIN(I$3,$G7))^2*$C$15/$C$14/$C$13),"Pass","Fail") -> Fail | J7: =IF( (MAX(J$3,$G7)*$C$16)<(48*(MIN(J$3,$G7))^2*$C$15/$C$14/$C$13),"Pass","Fail") -> Fail | K7: =IF( (MAX(K$3,$G7)*$C$16)<(48*(MIN(K$3,$G7))^2*$C$15/$C$14/$C$13),"Pass","Fail") -> Fail | L7: =IF( (MAX(L$3,$G7)*$C$16)<(48*(MIN(L$3,$G7))^2*$C$15/$C$14/$C$13),"Pass","Fail") -> Fail | M7: =IF( (MAX(M$3,$G7)*$C$16)<(48*(MIN(M$3,$G7))^2*$C$15/$C$14/$C$13),"Pass","Fail") -> Fail | N7: =IF( (MAX(N$3,$G7)*$C$16)<(48*(MIN(N$3,$G7))^2*$C$15/$C$14/$C$13),"Pass","Fail") -> Fail | O7: =IF( (MAX(O$3,$G7)*$C$16)<(48*(MIN(O$3,$G7))^2*$C$15/$C$14/$C$13),"Pass","Fail") -> Fail | ... BD7: =IF( (MAX(BD$3,$G7)*$C$16)<(48*(MIN(BD$3,$G7))^2*$C$15/$C$14/$C$13),"Pass","Fail") -> Fail
G8: =G7+0.5 -> 4 | H8: =IF( (MAX(H$3,$G8)*$C$16)<(48*(MIN(H$3,$G8))^2*$C$15/$C$14/$C$13),"Pass","Fail") -> Fail | I8: =IF( (MAX(I$3,$G8)*$C$16)<(48*(MIN(I$3,$G8))^2*$C$15/$C$14/$C$13),"Pass","Fail") -> Fail | J8: =IF( (MAX(J$3,$G8)*$C$16)<(48*(MIN(J$3,$G8))^2*$C$15/$C$14/$C$13),"Pass","Fail") -> Fail | K8: =IF( (MAX(K$3,$G8)*$C$16)<(48*(MIN(K$3,$G8))^2*$C$15/$C$14/$C$13),"Pass","Fail") -> Fail | L8: =IF( (MAX(L$3,$G8)*$C$16)<(48*(MIN(L$3,$G8))^2*$C$15/$C$14/$C$13),"Pass","Fail") -> Pass | M8: =IF( (MAX(M$3,$G8)*$C$16)<(48*(MIN(M$3,$G8))^2*$C$15/$C$14/$C$13),"Pass","Fail") -> Pass | N8: =IF( (MAX(N$3,$G8)*$C$16)<(48*(MIN(N$3,$G8))^2*$C$15/$C$14/$C$13),"Pass","Fail") -> Fail | O8: =IF( (MAX(O$3,$G8)*$C$16)<(48*(MIN(O$3,$G8))^2*$C$15/$C$14/$C$13),"Pass","Fail") -> Fail | ... BD8: =IF( (MAX(BD$3,$G8)*$C$16)<(48*(MIN(BD$3,$G8))^2*$C$15/$C$14/$C$13),"Pass","Fail") -> Fail
B9: Simple Check | G9: =G8+0.5 -> 4.5 | H9: =IF( (MAX(H$3,$G9)*$C$16)<(48*(MIN(H$3,$G9))^2*$C$15/$C$14/$C$13),"Pass","Fail") -> Fail | I9: =IF( (MAX(I$3,$G9)*$C$16)<(48*(MIN(I$3,$G9))^2*$C$15/$C$14/$C$13),"Pass","Fail") -> Fail | J9: =IF( (MAX(J$3,$G9)*$C$16)<(48*(MIN(J$3,$G9))^2*$C$15/$C$14/$C$13),"Pass","Fail") -> Fail | K9: =IF( (MAX(K$3,$G9)*$C$16)<(48*(MIN(K$3,$G9))^2*$C$15/$C$14/$C$13),"Pass","Fail") -> Fail | L9: =IF( (MAX(L$3,$G9)*$C$16)<(48*(MIN(L$3,$G9))^2*$C$15/$C$14/$C$13),"Pass","Fail") -> Pass | M9: =IF( (MAX(M$3,$G9)*$C$16)<(48*(MIN(M$3,$G9))^2*$C$15/$C$14/$C$13),"Pass","Fail") -> Pass | N9: =IF( (MAX(N$3,$G9)*$C$16)<(48*(MIN(N$3,$G9))^2*$C$15/$C$14/$C$13),"Pass","Fail") -> Pass | O9: =IF( (MAX(O$3,$G9)*$C$16)<(48*(MIN(O$3,$G9))^2*$C$15/$C$14/$C$13),"Pass","Fail") -> Pass | ... BD9: =IF( (MAX(BD$3,$G9)*$C$16)<(48*(MIN(BD$3,$G9))^2*$C$15/$C$14/$C$13),"Pass","Fail") -> Fail
B10: D, Pipe Dia | C10: 4" - 100 | D10: in | G10: =G9+0.5 -> 5 | H10: =IF( (MAX(H$3,$G10)*$C$16)<(48*(MIN(H$3,$G10))^2*$C$15/$C$14/$C$13),"Pass","Fail") -> Fail | I10: =IF( (MAX(I$3,$G10)*$C$16)<(48*(MIN(I$3,$G10))^2*$C$15/$C$14/$C$13),"Pass","Fail") -> Fail | J10: =IF( (MAX(J$3,$G10)*$C$16)<(48*(MIN(J$3,$G10))^2*$C$15/$C$14/$C$13),"Pass","Fail") -> Fail | K10: =IF( (MAX(K$3,$G10)*$C$16)<(48*(MIN(K$3,$G10))^2*$C$15/$C$14/$C$13),"Pass","Fail") -> Fail | L10: =IF( (MAX(L$3,$G10)*$C$16)<(48*(MIN(L$3,$G10))^2*$C$15/$C$14/$C$13),"Pass","Fail") -> Fail | M10: =IF( (MAX(M$3,$G10)*$C$16)<(48*(MIN(M$3,$G10))^2*$C$15/$C$14/$C$13),"Pass","Fail") -> Pass | N10: =IF( (MAX(N$3,$G10)*$C$16)<(48*(MIN(N$3,$G10))^2*$C$15/$C$14/$C$13),"Pass","Fail") -> Pass | O10: =IF( (MAX(O$3,$G10)*$C$16)<(48*(MIN(O$3,$G10))^2*$C$15/$C$14/$C$13),"Pass","Fail") -> Pass | ... BD10: =IF( (MAX(BD$3,$G10)*$C$16)<(48*(MIN(BD$3,$G10))^2*$C$15/$C$14/$C$13),"Pass","Fail") -> Fail
B11: Select Material | C11: Austenitic Stainless Steels 18Cr-8Ni | G11: =G10+0.5 -> 5.5 | H11: =IF( (MAX(H$3,$G11)*$C$16)<(48*(MIN(H$3,$G11))^2*$C$15/$C$14/$C$13),"Pass","Fail") -> Fail | I11: =IF( (MAX(I$3,$G11)*$C$16)<(48*(MIN(I$3,$G11))^2*$C$15/$C$14/$C$13),"Pass","Fail") -> Fail | J11: =IF( (MAX(J$3,$G11)*$C$16)<(48*(MIN(J$3,$G11))^2*$C$15/$C$14/$C$13),"Pass","Fail") -> Fail | K11: =IF( (MAX(K$3,$G11)*$C$16)<(48*(MIN(K$3,$G11))^2*$C$15/$C$14/$C$13),"Pass","Fail") -> Fail | L11: =IF( (MAX(L$3,$G11)*$C$16)<(48*(MIN(L$3,$G11))^2*$C$15/$C$14/$C$13),"Pass","Fail") -> Fail | M11: =IF( (MAX(M$3,$G11)*$C$16)<(48*(MIN(M$3,$G11))^2*$C$15/$C$14/$C$13),"Pass","Fail") -> Pass | N11: =IF( (MAX(N$3,$G11)*$C$16)<(48*(MIN(N$3,$G11))^2*$C$15/$C$14/$C$13),"Pass","Fail") -> Pass | O11: =IF( (MAX(O$3,$G11)*$C$16)<(48*(MIN(O$3,$G11))^2*$C$15/$C$14/$C$13),"Pass","Fail") -> Pass | ... BD11: =IF( (MAX(BD$3,$G11)*$C$16)<(48*(MIN(BD$3,$G11))^2*$C$15/$C$14/$C$13),"Pass","Fail") -> Fail
B12: Temperature | C12: 400 | D12: Deg F | G12: =G11+0.5 -> 6 | H12: =IF( (MAX(H$3,$G12)*$C$16)<(48*(MIN(H$3,$G12))^2*$C$15/$C$14/$C$13),"Pass","Fail") -> Fail | I12: =IF( (MAX(I$3,$G12)*$C$16)<(48*(MIN(I$3,$G12))^2*$C$15/$C$14/$C$13),"Pass","Fail") -> Fail | J12: =IF( (MAX(J$3,$G12)*$C$16)<(48*(MIN(J$3,$G12))^2*$C$15/$C$14/$C$13),"Pass","Fail") -> Fail | K12: =IF( (MAX(K$3,$G12)*$C$16)<(48*(MIN(K$3,$G12))^2*$C$15/$C$14/$C$13),"Pass","Fail") -> Fail | L12: =IF( (MAX(L$3,$G12)*$C$16)<(48*(MIN(L$3,$G12))^2*$C$15/$C$14/$C$13),"Pass","Fail") -> Fail | M12: =IF( (MAX(M$3,$G12)*$C$16)<(48*(MIN(M$3,$G12))^2*$C$15/$C$14/$C$13),"Pass","Fail") -> Fail | N12: =IF( (MAX(N$3,$G12)*$C$16)<(48*(MIN(N$3,$G12))^2*$C$15/$C$14/$C$13),"Pass","Fail") -> Pass | O12: =IF( (MAX(O$3,$G12)*$C$16)<(48*(MIN(O$3,$G12))^2*$C$15/$C$14/$C$13),"Pass","Fail") -> Pass | ... BD12: =IF( (MAX(BD$3,$G12)*$C$16)<(48*(MIN(BD$3,$G12))^2*$C$15/$C$14/$C$13),"Pass","Fail") -> Fail
B13: OD of pipe | C13: =VLOOKUP(C10,'Diameter data'!B11:C53,2,FALSE)/25.4 -> 4.5 | D13: in | G13: =G12+0.5 -> 6.5 | H13: =IF( (MAX(H$3,$G13)*$C$16)<(48*(MIN(H$3,$G13))^2*$C$15/$C$14/$C$13),"Pass","Fail") -> Fail | I13: =IF( (MAX(I$3,$G13)*$C$16)<(48*(MIN(I$3,$G13))^2*$C$15/$C$14/$C$13),"Pass","Fail") -> Fail | J13: =IF( (MAX(J$3,$G13)*$C$16)<(48*(MIN(J$3,$G13))^2*$C$15/$C$14/$C$13),"Pass","Fail") -> Fail | K13: =IF( (MAX(K$3,$G13)*$C$16)<(48*(MIN(K$3,$G13))^2*$C$15/$C$14/$C$13),"Pass","Fail") -> Fail | L13: =IF( (MAX(L$3,$G13)*$C$16)<(48*(MIN(L$3,$G13))^2*$C$15/$C$14/$C$13),"Pass","Fail") -> Fail | M13: =IF( (MAX(M$3,$G13)*$C$16)<(48*(MIN(M$3,$G13))^2*$C$15/$C$14/$C$13),"Pass","Fail") -> Fail | N13: =IF( (MAX(N$3,$G13)*$C$16)<(48*(MIN(N$3,$G13))^2*$C$15/$C$14/$C$13),"Pass","Fail") -> Pass | O13: =IF( (MAX(O$3,$G13)*$C$16)<(48*(MIN(O$3,$G13))^2*$C$15/$C$14/$C$13),"Pass","Fail") -> Pass | ... BD13: =IF( (MAX(BD$3,$G13)*$C$16)<(48*(MIN(BD$3,$G13))^2*$C$15/$C$14/$C$13),"Pass","Fail") -> Fail
B14: E, Elastic Modulus | C14: 29500000 | D14: psi | G14: =G13+0.5 -> 7 | H14: =IF( (MAX(H$3,$G14)*$C$16)<(48*(MIN(H$3,$G14))^2*$C$15/$C$14/$C$13),"Pass","Fail") -> Fail | I14: =IF( (MAX(I$3,$G14)*$C$16)<(48*(MIN(I$3,$G14))^2*$C$15/$C$14/$C$13),"Pass","Fail") -> Fail | J14: =IF( (MAX(J$3,$G14)*$C$16)<(48*(MIN(J$3,$G14))^2*$C$15/$C$14/$C$13),"Pass","Fail") -> Fail | K14: =IF( (MAX(K$3,$G14)*$C$16)<(48*(MIN(K$3,$G14))^2*$C$15/$C$14/$C$13),"Pass","Fail") -> Fail | L14: =IF( (MAX(L$3,$G14)*$C$16)<(48*(MIN(L$3,$G14))^2*$C$15/$C$14/$C$13),"Pass","Fail") -> Fail | M14: =IF( (MAX(M$3,$G14)*$C$16)<(48*(MIN(M$3,$G14))^2*$C$15/$C$14/$C$13),"Pass","Fail") -> Fail | N14: =IF( (MAX(N$3,$G14)*$C$16)<(48*(MIN(N$3,$G14))^2*$C$15/$C$14/$C$13),"Pass","Fail") -> Pass | O14: =IF( (MAX(O$3,$G14)*$C$16)<(48*(MIN(O$3,$G14))^2*$C$15/$C$14/$C$13),"Pass","Fail") -> Pass | ... BD14: =IF( (MAX(BD$3,$G14)*$C$16)<(48*(MIN(BD$3,$G14))^2*$C$15/$C$14/$C$13),"Pass","Fail") -> Fail
B15: Sa, Allowable Stress | C15: 30000 | D15: psi | G15: =G14+0.5 -> 7.5 | H15: =IF( (MAX(H$3,$G15)*$C$16)<(48*(MIN(H$3,$G15))^2*$C$15/$C$14/$C$13),"Pass","Fail") -> Fail | I15: =IF( (MAX(I$3,$G15)*$C$16)<(48*(MIN(I$3,$G15))^2*$C$15/$C$14/$C$13),"Pass","Fail") -> Fail | J15: =IF( (MAX(J$3,$G15)*$C$16)<(48*(MIN(J$3,$G15))^2*$C$15/$C$14/$C$13),"Pass","Fail") -> Fail | K15: =IF( (MAX(K$3,$G15)*$C$16)<(48*(MIN(K$3,$G15))^2*$C$15/$C$14/$C$13),"Pass","Fail") -> Fail | L15: =IF( (MAX(L$3,$G15)*$C$16)<(48*(MIN(L$3,$G15))^2*$C$15/$C$14/$C$13),"Pass","Fail") -> Fail | M15: =IF( (MAX(M$3,$G15)*$C$16)<(48*(MIN(M$3,$G15))^2*$C$15/$C$14/$C$13),"Pass","Fail") -> Fail | N15: =IF( (MAX(N$3,$G15)*$C$16)<(48*(MIN(N$3,$G15))^2*$C$15/$C$14/$C$13),"Pass","Fail") -> Fail | O15: =IF( (MAX(O$3,$G15)*$C$16)<(48*(MIN(O$3,$G15))^2*$C$15/$C$14/$C$13),"Pass","Fail") -> Pass | ... BD15: =IF( (MAX(BD$3,$G15)*$C$16)<(48*(MIN(BD$3,$G15))^2*$C$15/$C$14/$C$13),"Pass","Fail") -> Fail
B16: Thermal coefficent of Expansion | C16: ='Diameter data'!J3/100 -> 0.038 | D16: in/ft | G16: =G15+0.5 -> 8 | H16: =IF( (MAX(H$3,$G16)*$C$16)<(48*(MIN(H$3,$G16))^2*$C$15/$C$14/$C$13),"Pass","Fail") -> Fail | I16: =IF( (MAX(I$3,$G16)*$C$16)<(48*(MIN(I$3,$G16))^2*$C$15/$C$14/$C$13),"Pass","Fail") -> Fail | J16: =IF( (MAX(J$3,$G16)*$C$16)<(48*(MIN(J$3,$G16))^2*$C$15/$C$14/$C$13),"Pass","Fail") -> Fail | K16: =IF( (MAX(K$3,$G16)*$C$16)<(48*(MIN(K$3,$G16))^2*$C$15/$C$14/$C$13),"Pass","Fail") -> Fail | L16: =IF( (MAX(L$3,$G16)*$C$16)<(48*(MIN(L$3,$G16))^2*$C$15/$C$14/$C$13),"Pass","Fail") -> Fail | M16: =IF( (MAX(M$3,$G16)*$C$16)<(48*(MIN(M$3,$G16))^2*$C$15/$C$14/$C$13),"Pass","Fail") -> Fail | N16: =IF( (MAX(N$3,$G16)*$C$16)<(48*(MIN(N$3,$G16))^2*$C$15/$C$14/$C$13),"Pass","Fail") -> Fail | O16: =IF( (MAX(O$3,$G16)*$C$16)<(48*(MIN(O$3,$G16))^2*$C$15/$C$14/$C$13),"Pass","Fail") -> Pass | ... BD16: =IF( (MAX(BD$3,$G16)*$C$16)<(48*(MIN(BD$3,$G16))^2*$C$15/$C$14/$C$13),"Pass","Fail") -> Fail
G17: =G16+0.5 -> 8.5 | H17: =IF( (MAX(H$3,$G17)*$C$16)<(48*(MIN(H$3,$G17))^2*$C$15/$C$14/$C$13),"Pass","Fail") -> Fail | I17: =IF( (MAX(I$3,$G17)*$C$16)<(48*(MIN(I$3,$G17))^2*$C$15/$C$14/$C$13),"Pass","Fail") -> Fail | J17: =IF( (MAX(J$3,$G17)*$C$16)<(48*(MIN(J$3,$G17))^2*$C$15/$C$14/$C$13),"Pass","Fail") -> Fail | K17: =IF( (MAX(K$3,$G17)*$C$16)<(48*(MIN(K$3,$G17))^2*$C$15/$C$14/$C$13),"Pass","Fail") -> Fail | L17: =IF( (MAX(L$3,$G17)*$C$16)<(48*(MIN(L$3,$G17))^2*$C$15/$C$14/$C$13),"Pass","Fail") -> Fail | M17: =IF( (MAX(M$3,$G17)*$C$16)<(48*(MIN(M$3,$G17))^2*$C$15/$C$14/$C$13),"Pass","Fail") -> Fail | N17: =IF( (MAX(N$3,$G17)*$C$16)<(48*(MIN(N$3,$G17))^2*$C$15/$C$14/$C$13),"Pass","Fail") -> Fail | O17: =IF( (MAX(O$3,$G17)*$C$16)<(48*(MIN(O$3,$G17))^2*$C$15/$C$14/$C$13),"Pass","Fail") -> Pass | ... BD17: =IF( (MAX(BD$3,$G17)*$C$16)<(48*(MIN(BD$3,$G17))^2*$C$15/$C$14/$C$13),"Pass","Fail") -> Fail
G18: =G17+0.5 -> 9 | H18: =IF( (MAX(H$3,$G18)*$C$16)<(48*(MIN(H$3,$G18))^2*$C$15/$C$14/$C$13),"Pass","Fail") -> Fail | I18: =IF( (MAX(I$3,$G18)*$C$16)<(48*(MIN(I$3,$G18))^2*$C$15/$C$14/$C$13),"Pass","Fail") -> Fail | J18: =IF( (MAX(J$3,$G18)*$C$16)<(48*(MIN(J$3,$G18))^2*$C$15/$C$14/$C$13),"Pass","Fail") -> Fail | K18: =IF( (MAX(K$3,$G18)*$C$16)<(48*(MIN(K$3,$G18))^2*$C$15/$C$14/$C$13),"Pass","Fail") -> Fail | L18: =IF( (MAX(L$3,$G18)*$C$16)<(48*(MIN(L$3,$G18))^2*$C$15/$C$14/$C$13),"Pass","Fail") -> Fail | M18: =IF( (MAX(M$3,$G18)*$C$16)<(48*(MIN(M$3,$G18))^2*$C$15/$C$14/$C$13),"Pass","Fail") -> Fail | N18: =IF( (MAX(N$3,$G18)*$C$16)<(48*(MIN(N$3,$G18))^2*$C$15/$C$14/$C$13),"Pass","Fail") -> Fail | O18: =IF( (MAX(O$3,$G18)*$C$16)<(48*(MIN(O$3,$G18))^2*$C$15/$C$14/$C$13),"Pass","Fail") -> Fail | ... BD18: =IF( (MAX(BD$3,$G18)*$C$16)<(48*(MIN(BD$3,$G18))^2*$C$15/$C$14/$C$13),"Pass","Fail") -> Fail
B19: Advanced | G19: =G18+0.5 -> 9.5 | H19: =IF( (MAX(H$3,$G19)*$C$16)<(48*(MIN(H$3,$G19))^2*$C$15/$C$14/$C$13),"Pass","Fail") -> Fail | I19: =IF( (MAX(I$3,$G19)*$C$16)<(48*(MIN(I$3,$G19))^2*$C$15/$C$14/$C$13),"Pass","Fail") -> Fail | J19: =IF( (MAX(J$3,$G19)*$C$16)<(48*(MIN(J$3,$G19))^2*$C$15/$C$14/$C$13),"Pass","Fail") -> Fail | K19: =IF( (MAX(K$3,$G19)*$C$16)<(48*(MIN(K$3,$G19))^2*$C$15/$C$14/$C$13),"Pass","Fail") -> Fail | L19: =IF( (MAX(L$3,$G19)*$C$16)<(48*(MIN(L$3,$G19))^2*$C$15/$C$14/$C$13),"Pass","Fail") -> Fail | M19: =IF( (MAX(M$3,$G19)*$C$16)<(48*(MIN(M$3,$G19))^2*$C$15/$C$14/$C$13),"Pass","Fail") -> Fail | N19: =IF( (MAX(N$3,$G19)*$C$16)<(48*(MIN(N$3,$G19))^2*$C$15/$C$14/$C$13),"Pass","Fail") -> Fail | O19: =IF( (MAX(O$3,$G19)*$C$16)<(48*(MIN(O$3,$G19))^2*$C$15/$C$14/$C$13),"Pass","Fail") -> Fail | ... BD19: =IF( (MAX(BD$3,$G19)*$C$16)<(48*(MIN(BD$3,$G19))^2*$C$15/$C$14/$C$13),"Pass","Fail") -> Fail
B20: L, Length of Pipe | C20: 11 | D20: ft | G20: =G19+0.5 -> 10 | H20: =IF( (MAX(H$3,$G20)*$C$16)<(48*(MIN(H$3,$G20))^2*$C$15/$C$14/$C$13),"Pass","Fail") -> Fail | I20: =IF( (MAX(I$3,$G20)*$C$16)<(48*(MIN(I$3,$G20))^2*$C$15/$C$14/$C$13),"Pass","Fail") -> Fail | J20: =IF( (MAX(J$3,$G20)*$C$16)<(48*(MIN(J$3,$G20))^2*$C$15/$C$14/$C$13),"Pass","Fail") -> Fail | K20: =IF( (MAX(K$3,$G20)*$C$16)<(48*(MIN(K$3,$G20))^2*$C$15/$C$14/$C$13),"Pass","Fail") -> Fail | L20: =IF( (MAX(L$3,$G20)*$C$16)<(48*(MIN(L$3,$G20))^2*$C$15/$C$14/$C$13),"Pass","Fail") -> Fail | M20: =IF( (MAX(M$3,$G20)*$C$16)<(48*(MIN(M$3,$G20))^2*$C$15/$C$14/$C$13),"Pass","Fail") -> Fail | N20: =IF( (MAX(N$3,$G20)*$C$16)<(48*(MIN(N$3,$G20))^2*$C$15/$C$14/$C$13),"Pass","Fail") -> Fail | O20: =IF( (MAX(O$3,$G20)*$C$16)<(48*(MIN(O$3,$G20))^2*$C$15/$C$14/$C$13),"Pass","Fail") -> Fail | ... BD20: =IF( (MAX(BD$3,$G20)*$C$16)<(48*(MIN(BD$3,$G20))^2*$C$15/$C$14/$C$13),"Pass","Fail") -> Fail
B21: dc, deflection thermal | C21: =C20*C16 -> 0.418 | D21: in | G21: =G20+0.5 -> 10.5 | H21: =IF( (MAX(H$3,$G21)*$C$16)<(48*(MIN(H$3,$G21))^2*$C$15/$C$14/$C$13),"Pass","Fail") -> Fail | I21: =IF( (MAX(I$3,$G21)*$C$16)<(48*(MIN(I$3,$G21))^2*$C$15/$C$14/$C$13),"Pass","Fail") -> Fail | J21: =IF( (MAX(J$3,$G21)*$C$16)<(48*(MIN(J$3,$G21))^2*$C$15/$C$14/$C$13),"Pass","Fail") -> Fail | K21: =IF( (MAX(K$3,$G21)*$C$16)<(48*(MIN(K$3,$G21))^2*$C$15/$C$14/$C$13),"Pass","Fail") -> Fail | L21: =IF( (MAX(L$3,$G21)*$C$16)<(48*(MIN(L$3,$G21))^2*$C$15/$C$14/$C$13),"Pass","Fail") -> Fail | M21: =IF( (MAX(M$3,$G21)*$C$16)<(48*(MIN(M$3,$G21))^2*$C$15/$C$14/$C$13),"Pass","Fail") -> Fail | N21: =IF( (MAX(N$3,$G21)*$C$16)<(48*(MIN(N$3,$G21))^2*$C$15/$C$14/$C$13),"Pass","Fail") -> Fail | O21: =IF( (MAX(O$3,$G21)*$C$16)<(48*(MIN(O$3,$G21))^2*$C$15/$C$14/$C$13),"Pass","Fail") -> Fail | ... BD21: =IF( (MAX(BD$3,$G21)*$C$16)<(48*(MIN(BD$3,$G21))^2*$C$15/$C$14/$C$13),"Pass","Fail") -> Fail
B22: d, allowable deflection | C22: =48*C20^2*C15/C14/C13 -> 1.3125424 | D22: in | G22: =G21+0.5 -> 11 | H22: =IF( (MAX(H$3,$G22)*$C$16)<(48*(MIN(H$3,$G22))^2*$C$15/$C$14/$C$13),"Pass","Fail") -> Fail | I22: =IF( (MAX(I$3,$G22)*$C$16)<(48*(MIN(I$3,$G22))^2*$C$15/$C$14/$C$13),"Pass","Fail") -> Fail | J22: =IF( (MAX(J$3,$G22)*$C$16)<(48*(MIN(J$3,$G22))^2*$C$15/$C$14/$C$13),"Pass","Fail") -> Fail | K22: =IF( (MAX(K$3,$G22)*$C$16)<(48*(MIN(K$3,$G22))^2*$C$15/$C$14/$C$13),"Pass","Fail") -> Fail | L22: =IF( (MAX(L$3,$G22)*$C$16)<(48*(MIN(L$3,$G22))^2*$C$15/$C$14/$C$13),"Pass","Fail") -> Fail | M22: =IF( (MAX(M$3,$G22)*$C$16)<(48*(MIN(M$3,$G22))^2*$C$15/$C$14/$C$13),"Pass","Fail") -> Fail | N22: =IF( (MAX(N$3,$G22)*$C$16)<(48*(MIN(N$3,$G22))^2*$C$15/$C$14/$C$13),"Pass","Fail") -> Fail | O22: =IF( (MAX(O$3,$G22)*$C$16)<(48*(MIN(O$3,$G22))^2*$C$15/$C$14/$C$13),"Pass","Fail") -> Fail | ... BD22: =IF( (MAX(BD$3,$G22)*$C$16)<(48*(MIN(BD$3,$G22))^2*$C$15/$C$14/$C$13),"Pass","Fail") -> Fail
B23: Status | C23: =IF(C21<C22,"Pass", "Fail") -> Pass | G23: =G22+0.5 -> 11.5 | H23: =IF( (MAX(H$3,$G23)*$C$16)<(48*(MIN(H$3,$G23))^2*$C$15/$C$14/$C$13),"Pass","Fail") -> Fail | I23: =IF( (MAX(I$3,$G23)*$C$16)<(48*(MIN(I$3,$G23))^2*$C$15/$C$14/$C$13),"Pass","Fail") -> Fail | J23: =IF( (MAX(J$3,$G23)*$C$16)<(48*(MIN(J$3,$G23))^2*$C$15/$C$14/$C$13),"Pass","Fail") -> Fail | K23: =IF( (MAX(K$3,$G23)*$C$16)<(48*(MIN(K$3,$G23))^2*$C$15/$C$14/$C$13),"Pass","Fail") -> Fail | L23: =IF( (MAX(L$3,$G23)*$C$16)<(48*(MIN(L$3,$G23))^2*$C$15/$C$14/$C$13),"Pass","Fail") -> Fail | M23: =IF( (MAX(M$3,$G23)*$C$16)<(48*(MIN(M$3,$G23))^2*$C$15/$C$14/$C$13),"Pass","Fail") -> Fail | N23: =IF( (MAX(N$3,$G23)*$C$16)<(48*(MIN(N$3,$G23))^2*$C$15/$C$14/$C$13),"Pass","Fail") -> Fail | O23: =IF( (MAX(O$3,$G23)*$C$16)<(48*(MIN(O$3,$G23))^2*$C$15/$C$14/$C$13),"Pass","Fail") -> Fail | ... BD23: =IF( (MAX(BD$3,$G23)*$C$16)<(48*(MIN(BD$3,$G23))^2*$C$15/$C$14/$C$13),"Pass","Fail") -> Fail
G24: =G23+0.5 -> 12 | H24: =IF( (MAX(H$3,$G24)*$C$16)<(48*(MIN(H$3,$G24))^2*$C$15/$C$14/$C$13),"Pass","Fail") -> Fail | I24: =IF( (MAX(I$3,$G24)*$C$16)<(48*(MIN(I$3,$G24))^2*$C$15/$C$14/$C$13),"Pass","Fail") -> Fail | J24: =IF( (MAX(J$3,$G24)*$C$16)<(48*(MIN(J$3,$G24))^2*$C$15/$C$14/$C$13),"Pass","Fail") -> Fail | K24: =IF( (MAX(K$3,$G24)*$C$16)<(48*(MIN(K$3,$G24))^2*$C$15/$C$14/$C$13),"Pass","Fail") -> Fail | L24: =IF( (MAX(L$3,$G24)*$C$16)<(48*(MIN(L$3,$G24))^2*$C$15/$C$14/$C$13),"Pass","Fail") -> Fail | M24: =IF( (MAX(M$3,$G24)*$C$16)<(48*(MIN(M$3,$G24))^2*$C$15/$C$14/$C$13),"Pass","Fail") -> Fail | N24: =IF( (MAX(N$3,$G24)*$C$16)<(48*(MIN(N$3,$G24))^2*$C$15/$C$14/$C$13),"Pass","Fail") -> Fail | O24: =IF( (MAX(O$3,$G24)*$C$16)<(48*(MIN(O$3,$G24))^2*$C$15/$C$14/$C$13),"Pass","Fail") -> Fail | ... BD24: =IF( (MAX(BD$3,$G24)*$C$16)<(48*(MIN(BD$3,$G24))^2*$C$15/$C$14/$C$13),"Pass","Fail") -> Pass
G25: =G24+1 -> 13 | H25: =IF( (MAX(H$3,$G25)*$C$16)<(48*(MIN(H$3,$G25))^2*$C$15/$C$14/$C$13),"Pass","Fail") -> Fail | I25: =IF( (MAX(I$3,$G25)*$C$16)<(48*(MIN(I$3,$G25))^2*$C$15/$C$14/$C$13),"Pass","Fail") -> Fail | J25: =IF( (MAX(J$3,$G25)*$C$16)<(48*(MIN(J$3,$G25))^2*$C$15/$C$14/$C$13),"Pass","Fail") -> Fail | K25: =IF( (MAX(K$3,$G25)*$C$16)<(48*(MIN(K$3,$G25))^2*$C$15/$C$14/$C$13),"Pass","Fail") -> Fail | L25: =IF( (MAX(L$3,$G25)*$C$16)<(48*(MIN(L$3,$G25))^2*$C$15/$C$14/$C$13),"Pass","Fail") -> Fail | M25: =IF( (MAX(M$3,$G25)*$C$16)<(48*(MIN(M$3,$G25))^2*$C$15/$C$14/$C$13),"Pass","Fail") -> Fail | N25: =IF( (MAX(N$3,$G25)*$C$16)<(48*(MIN(N$3,$G25))^2*$C$15/$C$14/$C$13),"Pass","Fail") -> Fail | O25: =IF( (MAX(O$3,$G25)*$C$16)<(48*(MIN(O$3,$G25))^2*$C$15/$C$14/$C$13),"Pass","Fail") -> Fail | ... BD25: =IF( (MAX(BD$3,$G25)*$C$16)<(48*(MIN(BD$3,$G25))^2*$C$15/$C$14/$C$13),"Pass","Fail") -> Pass
G26: =G25+1 -> 14 | H26: =IF( (MAX(H$3,$G26)*$C$16)<(48*(MIN(H$3,$G26))^2*$C$15/$C$14/$C$13),"Pass","Fail") -> Fail | I26: =IF( (MAX(I$3,$G26)*$C$16)<(48*(MIN(I$3,$G26))^2*$C$15/$C$14/$C$13),"Pass","Fail") -> Fail | J26: =IF( (MAX(J$3,$G26)*$C$16)<(48*(MIN(J$3,$G26))^2*$C$15/$C$14/$C$13),"Pass","Fail") -> Fail | K26: =IF( (MAX(K$3,$G26)*$C$16)<(48*(MIN(K$3,$G26))^2*$C$15/$C$14/$C$13),"Pass","Fail") -> Fail | L26: =IF( (MAX(L$3,$G26)*$C$16)<(48*(MIN(L$3,$G26))^2*$C$15/$C$14/$C$13),"Pass","Fail") -> Fail | M26: =IF( (MAX(M$3,$G26)*$C$16)<(48*(MIN(M$3,$G26))^2*$C$15/$C$14/$C$13),"Pass","Fail") -> Fail | N26: =IF( (MAX(N$3,$G26)*$C$16)<(48*(MIN(N$3,$G26))^2*$C$15/$C$14/$C$13),"Pass","Fail") -> Fail | O26: =IF( (MAX(O$3,$G26)*$C$16)<(48*(MIN(O$3,$G26))^2*$C$15/$C$14/$C$13),"Pass","Fail") -> Fail | ... BD26: =IF( (MAX(BD$3,$G26)*$C$16)<(48*(MIN(BD$3,$G26))^2*$C$15/$C$14/$C$13),"Pass","Fail") -> Pass
G27: =G26+1 -> 15 | H27: =IF( (MAX(H$3,$G27)*$C$16)<(48*(MIN(H$3,$G27))^2*$C$15/$C$14/$C$13),"Pass","Fail") -> Fail | I27: =IF( (MAX(I$3,$G27)*$C$16)<(48*(MIN(I$3,$G27))^2*$C$15/$C$14/$C$13),"Pass","Fail") -> Fail | J27: =IF( (MAX(J$3,$G27)*$C$16)<(48*(MIN(J$3,$G27))^2*$C$15/$C$14/$C$13),"Pass","Fail") -> Fail | K27: =IF( (MAX(K$3,$G27)*$C$16)<(48*(MIN(K$3,$G27))^2*$C$15/$C$14/$C$13),"Pass","Fail") -> Fail | L27: =IF( (MAX(L$3,$G27)*$C$16)<(48*(MIN(L$3,$G27))^2*$C$15/$C$14/$C$13),"Pass","Fail") -> Fail | M27: =IF( (MAX(M$3,$G27)*$C$16)<(48*(MIN(M$3,$G27))^2*$C$15/$C$14/$C$13),"Pass","Fail") -> Fail | N27: =IF( (MAX(N$3,$G27)*$C$16)<(48*(MIN(N$3,$G27))^2*$C$15/$C$14/$C$13),"Pass","Fail") -> Fail | O27: =IF( (MAX(O$3,$G27)*$C$16)<(48*(MIN(O$3,$G27))^2*$C$15/$C$14/$C$13),"Pass","Fail") -> Fail | ... BD27: =IF( (MAX(BD$3,$G27)*$C$16)<(48*(MIN(BD$3,$G27))^2*$C$15/$C$14/$C$13),"Pass","Fail") -> Pass
G28: =G27+1 -> 16 | H28: =IF( (MAX(H$3,$G28)*$C$16)<(48*(MIN(H$3,$G28))^2*$C$15/$C$14/$C$13),"Pass","Fail") -> Fail | I28: =IF( (MAX(I$3,$G28)*$C$16)<(48*(MIN(I$3,$G28))^2*$C$15/$C$14/$C$13),"Pass","Fail") -> Fail | J28: =IF( (MAX(J$3,$G28)*$C$16)<(48*(MIN(J$3,$G28))^2*$C$15/$C$14/$C$13),"Pass","Fail") -> Fail | K28: =IF( (MAX(K$3,$G28)*$C$16)<(48*(MIN(K$3,$G28))^2*$C$15/$C$14/$C$13),"Pass","Fail") -> Fail | L28: =IF( (MAX(L$3,$G28)*$C$16)<(48*(MIN(L$3,$G28))^2*$C$15/$C$14/$C$13),"Pass","Fail") -> Fail | M28: =IF( (MAX(M$3,$G28)*$C$16)<(48*(MIN(M$3,$G28))^2*$C$15/$C$14/$C$13),"Pass","Fail") -> Fail | N28: =IF( (MAX(N$3,$G28)*$C$16)<(48*(MIN(N$3,$G28))^2*$C$15/$C$14/$C$13),"Pass","Fail") -> Fail | O28: =IF( (MAX(O$3,$G28)*$C$16)<(48*(MIN(O$3,$G28))^2*$C$15/$C$14/$C$13),"Pass","Fail") -> Fail | ... BD28: =IF( (MAX(BD$3,$G28)*$C$16)<(48*(MIN(BD$3,$G28))^2*$C$15/$C$14/$C$13),"Pass","Fail") -> Pass
G29: =G28+1 -> 17 | H29: =IF( (MAX(H$3,$G29)*$C$16)<(48*(MIN(H$3,$G29))^2*$C$15/$C$14/$C$13),"Pass","Fail") -> Fail | I29: =IF( (MAX(I$3,$G29)*$C$16)<(48*(MIN(I$3,$G29))^2*$C$15/$C$14/$C$13),"Pass","Fail") -> Fail | J29: =IF( (MAX(J$3,$G29)*$C$16)<(48*(MIN(J$3,$G29))^2*$C$15/$C$14/$C$13),"Pass","Fail") -> Fail | K29: =IF( (MAX(K$3,$G29)*$C$16)<(48*(MIN(K$3,$G29))^2*$C$15/$C$14/$C$13),"Pass","Fail") -> Fail | L29: =IF( (MAX(L$3,$G29)*$C$16)<(48*(MIN(L$3,$G29))^2*$C$15/$C$14/$C$13),"Pass","Fail") -> Fail | M29: =IF( (MAX(M$3,$G29)*$C$16)<(48*(MIN(M$3,$G29))^2*$C$15/$C$14/$C$13),"Pass","Fail") -> Fail | N29: =IF( (MAX(N$3,$G29)*$C$16)<(48*(MIN(N$3,$G29))^2*$C$15/$C$14/$C$13),"Pass","Fail") -> Fail | O29: =IF( (MAX(O$3,$G29)*$C$16)<(48*(MIN(O$3,$G29))^2*$C$15/$C$14/$C$13),"Pass","Fail") -> Fail | ... BD29: =IF( (MAX(BD$3,$G29)*$C$16)<(48*(MIN(BD$3,$G29))^2*$C$15/$C$14/$C$13),"Pass","Fail") -> Pass
G30: =G29+1 -> 18 | H30: =IF( (MAX(H$3,$G30)*$C$16)<(48*(MIN(H$3,$G30))^2*$C$15/$C$14/$C$13),"Pass","Fail") -> Fail | I30: =IF( (MAX(I$3,$G30)*$C$16)<(48*(MIN(I$3,$G30))^2*$C$15/$C$14/$C$13),"Pass","Fail") -> Fail | J30: =IF( (MAX(J$3,$G30)*$C$16)<(48*(MIN(J$3,$G30))^2*$C$15/$C$14/$C$13),"Pass","Fail") -> Fail | K30: =IF( (MAX(K$3,$G30)*$C$16)<(48*(MIN(K$3,$G30))^2*$C$15/$C$14/$C$13),"Pass","Fail") -> Fail | L30: =IF( (MAX(L$3,$G30)*$C$16)<(48*(MIN(L$3,$G30))^2*$C$15/$C$14/$C$13),"Pass","Fail") -> Fail | M30: =IF( (MAX(M$3,$G30)*$C$16)<(48*(MIN(M$3,$G30))^2*$C$15/$C$14/$C$13),"Pass","Fail") -> Fail | N30: =IF( (MAX(N$3,$G30)*$C$16)<(48*(MIN(N$3,$G30))^2*$C$15/$C$14/$C$13),"Pass","Fail") -> Fail | O30: =IF( (MAX(O$3,$G30)*$C$16)<(48*(MIN(O$3,$G30))^2*$C$15/$C$14/$C$13),"Pass","Fail") -> Fail | ... BD30: =IF( (MAX(BD$3,$G30)*$C$16)<(48*(MIN(BD$3,$G30))^2*$C$15/$C$14/$C$13),"Pass","Fail") -> Pass
G31: =G30+1 -> 19 | H31: =IF( (MAX(H$3,$G31)*$C$16)<(48*(MIN(H$3,$G31))^2*$C$15/$C$14/$C$13),"Pass","Fail") -> Fail | I31: =IF( (MAX(I$3,$G31)*$C$16)<(48*(MIN(I$3,$G31))^2*$C$15/$C$14/$C$13),"Pass","Fail") -> Fail | J31: =IF( (MAX(J$3,$G31)*$C$16)<(48*(MIN(J$3,$G31))^2*$C$15/$C$14/$C$13),"Pass","Fail") -> Fail | K31: =IF( (MAX(K$3,$G31)*$C$16)<(48*(MIN(K$3,$G31))^2*$C$15/$C$14/$C$13),"Pass","Fail") -> Fail | L31: =IF( (MAX(L$3,$G31)*$C$16)<(48*(MIN(L$3,$G31))^2*$C$15/$C$14/$C$13),"Pass","Fail") -> Fail | M31: =IF( (MAX(M$3,$G31)*$C$16)<(48*(MIN(M$3,$G31))^2*$C$15/$C$14/$C$13),"Pass","Fail") -> Fail | N31: =IF( (MAX(N$3,$G31)*$C$16)<(48*(MIN(N$3,$G31))^2*$C$15/$C$14/$C$13),"Pass","Fail") -> Fail | O31: =IF( (MAX(O$3,$G31)*$C$16)<(48*(MIN(O$3,$G31))^2*$C$15/$C$14/$C$13),"Pass","Fail") -> Fail | ... BD31: =IF( (MAX(BD$3,$G31)*$C$16)<(48*(MIN(BD$3,$G31))^2*$C$15/$C$14/$C$13),"Pass","Fail") -> Pass
G32: =G31+1 -> 20 | H32: =IF( (MAX(H$3,$G32)*$C$16)<(48*(MIN(H$3,$G32))^2*$C$15/$C$14/$C$13),"Pass","Fail") -> Fail | I32: =IF( (MAX(I$3,$G32)*$C$16)<(48*(MIN(I$3,$G32))^2*$C$15/$C$14/$C$13),"Pass","Fail") -> Fail | J32: =IF( (MAX(J$3,$G32)*$C$16)<(48*(MIN(J$3,$G32))^2*$C$15/$C$14/$C$13),"Pass","Fail") -> Fail | K32: =IF( (MAX(K$3,$G32)*$C$16)<(48*(MIN(K$3,$G32))^2*$C$15/$C$14/$C$13),"Pass","Fail") -> Fail | L32: =IF( (MAX(L$3,$G32)*$C$16)<(48*(MIN(L$3,$G32))^2*$C$15/$C$14/$C$13),"Pass","Fail") -> Fail | M32: =IF( (MAX(M$3,$G32)*$C$16)<(48*(MIN(M$3,$G32))^2*$C$15/$C$14/$C$13),"Pass","Fail") -> Fail | N32: =IF( (MAX(N$3,$G32)*$C$16)<(48*(MIN(N$3,$G32))^2*$C$15/$C$14/$C$13),"Pass","Fail") -> Fail | O32: =IF( (MAX(O$3,$G32)*$C$16)<(48*(MIN(O$3,$G32))^2*$C$15/$C$14/$C$13),"Pass","Fail") -> Fail | ... BD32: =IF( (MAX(BD$3,$G32)*$C$16)<(48*(MIN(BD$3,$G32))^2*$C$15/$C$14/$C$13),"Pass","Fail") -> Pass
G33: =G32+1 -> 21 | H33: =IF( (MAX(H$3,$G33)*$C$16)<(48*(MIN(H$3,$G33))^2*$C$15/$C$14/$C$13),"Pass","Fail") -> Fail | I33: =IF( (MAX(I$3,$G33)*$C$16)<(48*(MIN(I$3,$G33))^2*$C$15/$C$14/$C$13),"Pass","Fail") -> Fail | J33: =IF( (MAX(J$3,$G33)*$C$16)<(48*(MIN(J$3,$G33))^2*$C$15/$C$14/$C$13),"Pass","Fail") -> Fail | K33: =IF( (MAX(K$3,$G33)*$C$16)<(48*(MIN(K$3,$G33))^2*$C$15/$C$14/$C$13),"Pass","Fail") -> Fail | L33: =IF( (MAX(L$3,$G33)*$C$16)<(48*(MIN(L$3,$G33))^2*$C$15/$C$14/$C$13),"Pass","Fail") -> Fail | M33: =IF( (MAX(M$3,$G33)*$C$16)<(48*(MIN(M$3,$G33))^2*$C$15/$C$14/$C$13),"Pass","Fail") -> Fail | N33: =IF( (MAX(N$3,$G33)*$C$16)<(48*(MIN(N$3,$G33))^2*$C$15/$C$14/$C$13),"Pass","Fail") -> Fail | O33: =IF( (MAX(O$3,$G33)*$C$16)<(48*(MIN(O$3,$G33))^2*$C$15/$C$14/$C$13),"Pass","Fail") -> Fail | ... BD33: =IF( (MAX(BD$3,$G33)*$C$16)<(48*(MIN(BD$3,$G33))^2*$C$15/$C$14/$C$13),"Pass","Fail") -> Pass
G34: =G33+1 -> 22 | H34: =IF( (MAX(H$3,$G34)*$C$16)<(48*(MIN(H$3,$G34))^2*$C$15/$C$14/$C$13),"Pass","Fail") -> Fail | I34: =IF( (MAX(I$3,$G34)*$C$16)<(48*(MIN(I$3,$G34))^2*$C$15/$C$14/$C$13),"Pass","Fail") -> Fail | J34: =IF( (MAX(J$3,$G34)*$C$16)<(48*(MIN(J$3,$G34))^2*$C$15/$C$14/$C$13),"Pass","Fail") -> Fail | K34: =IF( (MAX(K$3,$G34)*$C$16)<(48*(MIN(K$3,$G34))^2*$C$15/$C$14/$C$13),"Pass","Fail") -> Fail | L34: =IF( (MAX(L$3,$G34)*$C$16)<(48*(MIN(L$3,$G34))^2*$C$15/$C$14/$C$13),"Pass","Fail") -> Fail | M34: =IF( (MAX(M$3,$G34)*$C$16)<(48*(MIN(M$3,$G34))^2*$C$15/$C$14/$C$13),"Pass","Fail") -> Fail | N34: =IF( (MAX(N$3,$G34)*$C$16)<(48*(MIN(N$3,$G34))^2*$C$15/$C$14/$C$13),"Pass","Fail") -> Fail | O34: =IF( (MAX(O$3,$G34)*$C$16)<(48*(MIN(O$3,$G34))^2*$C$15/$C$14/$C$13),"Pass","Fail") -> Fail | ... BD34: =IF( (MAX(BD$3,$G34)*$C$16)<(48*(MIN(BD$3,$G34))^2*$C$15/$C$14/$C$13),"Pass","Fail") -> Pass
G35: =G34+1 -> 23 | H35: =IF( (MAX(H$3,$G35)*$C$16)<(48*(MIN(H$3,$G35))^2*$C$15/$C$14/$C$13),"Pass","Fail") -> Fail | I35: =IF( (MAX(I$3,$G35)*$C$16)<(48*(MIN(I$3,$G35))^2*$C$15/$C$14/$C$13),"Pass","Fail") -> Fail | J35: =IF( (MAX(J$3,$G35)*$C$16)<(48*(MIN(J$3,$G35))^2*$C$15/$C$14/$C$13),"Pass","Fail") -> Fail | K35: =IF( (MAX(K$3,$G35)*$C$16)<(48*(MIN(K$3,$G35))^2*$C$15/$C$14/$C$13),"Pass","Fail") -> Fail | L35: =IF( (MAX(L$3,$G35)*$C$16)<(48*(MIN(L$3,$G35))^2*$C$15/$C$14/$C$13),"Pass","Fail") -> Fail | M35: =IF( (MAX(M$3,$G35)*$C$16)<(48*(MIN(M$3,$G35))^2*$C$15/$C$14/$C$13),"Pass","Fail") -> Fail | N35: =IF( (MAX(N$3,$G35)*$C$16)<(48*(MIN(N$3,$G35))^2*$C$15/$C$14/$C$13),"Pass","Fail") -> Fail | O35: =IF( (MAX(O$3,$G35)*$C$16)<(48*(MIN(O$3,$G35))^2*$C$15/$C$14/$C$13),"Pass","Fail") -> Fail | ... BD35: =IF( (MAX(BD$3,$G35)*$C$16)<(48*(MIN(BD$3,$G35))^2*$C$15/$C$14/$C$13),"Pass","Fail") -> Pass
G36: =G35+1 -> 24 | H36: =IF( (MAX(H$3,$G36)*$C$16)<(48*(MIN(H$3,$G36))^2*$C$15/$C$14/$C$13),"Pass","Fail") -> Fail | I36: =IF( (MAX(I$3,$G36)*$C$16)<(48*(MIN(I$3,$G36))^2*$C$15/$C$14/$C$13),"Pass","Fail") -> Fail | J36: =IF( (MAX(J$3,$G36)*$C$16)<(48*(MIN(J$3,$G36))^2*$C$15/$C$14/$C$13),"Pass","Fail") -> Fail | K36: =IF( (MAX(K$3,$G36)*$C$16)<(48*(MIN(K$3,$G36))^2*$C$15/$C$14/$C$13),"Pass","Fail") -> Fail | L36: =IF( (MAX(L$3,$G36)*$C$16)<(48*(MIN(L$3,$G36))^2*$C$15/$C$14/$C$13),"Pass","Fail") -> Fail | M36: =IF( (MAX(M$3,$G36)*$C$16)<(48*(MIN(M$3,$G36))^2*$C$15/$C$14/$C$13),"Pass","Fail") -> Fail | N36: =IF( (MAX(N$3,$G36)*$C$16)<(48*(MIN(N$3,$G36))^2*$C$15/$C$14/$C$13),"Pass","Fail") -> Fail | O36: =IF( (MAX(O$3,$G36)*$C$16)<(48*(MIN(O$3,$G36))^2*$C$15/$C$14/$C$13),"Pass","Fail") -> Fail | ... BD36: =IF( (MAX(BD$3,$G36)*$C$16)<(48*(MIN(BD$3,$G36))^2*$C$15/$C$14/$C$13),"Pass","Fail") -> Pass
... G52: =G51+1 -> 40 | H52: =IF( (MAX(H$3,$G52)*$C$16)<(48*(MIN(H$3,$G52))^2*$C$15/$C$14/$C$13),"Pass","Fail") -> Fail | I52: =IF( (MAX(I$3,$G52)*$C$16)<(48*(MIN(I$3,$G52))^2*$C$15/$C$14/$C$13),"Pass","Fail") -> Fail | J52: =IF( (MAX(J$3,$G52)*$C$16)<(48*(MIN(J$3,$G52))^2*$C$15/$C$14/$C$13),"Pass","Fail") -> Fail | K52: =IF( (MAX(K$3,$G52)*$C$16)<(48*(MIN(K$3,$G52))^2*$C$15/$C$14/$C$13),"Pass","Fail") -> Fail | L52: =IF( (MAX(L$3,$G52)*$C$16)<(48*(MIN(L$3,$G52))^2*$C$15/$C$14/$C$13),"Pass","Fail") -> Fail | M52: =IF( (MAX(M$3,$G52)*$C$16)<(48*(MIN(M$3,$G52))^2*$C$15/$C$14/$C$13),"Pass","Fail") -> Fail | N52: =IF( (MAX(N$3,$G52)*$C$16)<(48*(MIN(N$3,$G52))^2*$C$15/$C$14/$C$13),"Pass","Fail") -> Fail | O52: =IF( (MAX(O$3,$G52)*$C$16)<(48*(MIN(O$3,$G52))^2*$C$15/$C$14/$C$13),"Pass","Fail") -> Fail | ... BD52: =IF( (MAX(BD$3,$G52)*$C$16)<(48*(MIN(BD$3,$G52))^2*$C$15/$C$14/$C$13),"Pass","Fail") -> Pass

Sheet Diameter data
C2: Temp °F | D2: Index | E2: Lower °F | F2: Upper °F | G2: Ratio | H2: Exp @ Lower | I2: Exp @ Upper | J2: in/100ft | K2: mm/m
B3: Expansion | C3: =Master!C12 -> 400 | D3: =IFERROR(MATCH(C3,'Thermal Co-efficient data'!C8:C86),"ERROR") -> 35 | E3: =IFERROR(INDEX('Thermal Co-efficient data'!C8:C86,D3),"ERROR") -> 400 | F3: =IFERROR(INDEX('Thermal Co-efficient data'!C8:C86,D3+1),"ERROR") -> 425 | G3: =IFERROR((C3-E3)/(F3-E3),"ERROR") -> 0 | H3: =H6 -> 3.8 | I3: =H9 -> 4.1 | J3: =IFERROR(H3+(I3-H3)*G3,"ERROR") -> 3.8 | K3: =IFERROR(ROUNDUP(J3*25.4/100/0.3048,3),"ERROR") -> 3.167
G5: Temp., °F | H5: =Master!C11 -> Austenitic Stainless Steels 18Cr-8Ni
G6: =E3 -> 400 | H6: =DGET('Thermal Co-efficient data'!C7:Y86,H5,G5:G6) -> 3.8
G8: Temp., °F | H8: =Master!C11 -> Austenitic Stainless Steels 18Cr-8Ni
G9: =F3 -> 425 | H9: =DGET('Thermal Co-efficient data'!C7:Y86,H8,G8:G9) -> 4.1
B11: NS | C11: OD
B12: ½" - 15 | C12: 21.336
B13: ¾" - 20 | C13: 26.67
B14: 1" - 25 | C14: 33.401
B15: 1¼" - 32 | C15: 42.164
B16: 1½" - 40 | C16: 48.26
B17: 2" - 50 | C17: 60.325
B18: 2½" - 65 | C18: 73.025
B19: 3" - 80 | C19: 88.9
B20: 3½" - 90 | C20: 101.6
B21: 4" - 100 | C21: 114.3
B22: 5" - 125 | C22: 127
B23: 6" - 150 | C23: 168.275
... B53: 80" - 2000 | C53: 2032

Sheet Thermal Co-efficient data
A1: 0 | B1: 1 | C1: ASME B31.3-2010 | D1: 0 | E1: 0 | F1: 0 | G1: 0 | H1: 0 | I1: 0 | J1: 0 | K1: 0 | L1: 0 | M1: 0 | N1: 0 | O1: 0 | P1: 0 | Q1: 0 | R1: 0 | S1: 0 | T1: 0 | U1: 0 | V1: 0 | W1: 0 | X1: 0 | Y1: 0 | Z1: 0 | AA1: 0
A2: 0 | B2: 2 | C2: 0 | D2: 0 | E2: 0 | F2: 0 | G2: 0 | H2: 0 | I2: 0 | J2: 0 | K2: 0 | L2: 0 | M2: 0 | N2: 0 | O2: 0 | P2: 0 | Q2: 0 | R2: 0 | S2: 0 | T2: 0 | U2: 0 | V2: 0 | W2: 0 | X2: 0 | Y2: 0 | Z2: 0 | AA2: 0
A3: 0 | B3: 3 | C3: 0 | D3: 0 | E3: 0 | F3: 0 | G3: 0 | H3: 0 | I3: 0 | J3: 0 | K3: 0 | L3: 0 | M3: 0 | N3: 0 | O3: 0 | P3: 0 | Q3: 0 | R3: 0 | S3: 0 | T3: 0 | U3: 0 | V3: 0 | W3: 0 | X3: 0 | Y3: 0 | Z3: 0 | AA3: 0
A4: (10) | B4: 4 | C4: Table C-1 Total Thermal Expansion, U.S. Units, for Metals | D4: 0 | E4: 0 | F4: 0 | G4: 0 | H4: 0 | I4: 0 | J4: 0 | K4: 0 | L4: 0 | M4: 0 | N4: 0 | O4: 0 | P4: 0 | Q4: 0 | R4: 0 | S4: 0 | T4: 0 | U4: 0 | V4: 0 | W4: 0 | X4: 0 | Y4: 0 | Z4: 0 | AA4: 0
A5: 0 | B5: 5 | C5: Total Linear Thermal Expansion Between 70°F and Indicated Temperature, in./100 ft | D5: 0 | E5: 0 | F5: 0 | G5: 0 | H5: 0 | I5: 0 | J5: 0 | K5: 0 | L5: 0 | M5: 0 | N5: 0 | O5: 0 | P5: 0 | Q5: 0 | R5: 0 | S5: 0 | T5: 0 | U5: 0 | V5: 0 | W5: 0 | X5: 0 | Y5: 0 | Z5: 0 | AA5: 0
A6: 0 | B6: 6 | C6: 0 | D6: Material | E6: 0 | F6: 0 | G6: 0 | H6: 0 | I6: 0 | J6: 0 | K6: 0 | L6: 0 | M6: 0 | N6: 0 | O6: 0 | P6: 0 | Q6: 0 | R6: 0 | S6: 0 | T6: 0 | U6: 0 | V6: 0 | W6: 0 | X6: 0 | Y6: 0 | Z6: 0 | AA6: 0
A7: 0 | B7: 7 | C7: Temp., °F | D7: Carbon Steel Carbon-Moly-Low-Chrome (Through 3Cr-Mo) | E7: 5Cr-Mo Through 9Cr-Mo | F7: Austenitic Stainless Steels 18Cr-8Ni | G7: 12Cr, 17Cr, 27Cr | H7: 25Cr-20Ni | I7: UNS N04400 67Ni-30Cu | J7: 3½Ni | K7: Copper and Copper Alloys | L7: Titanium Gr. 1,2,3,7, 11,12,16,17 | M7: Titanium Gr. 9 | N7: UNS N10675 | O7: Aluminium | P7: Gray Cast Iron | Q7: Bronze | R7: Brass | S7: 70Cu-30Ni | T7: UNS N08XXX Series Ni-Fe-Cr | U7: UNS N06XXX Series Ni-Cr-Fe | V7: UNS N06035 Series Ni-Cr-Mo | W7: UNS N06200 Ni-Cr-Mo | X7: Ductile Iron | Y7: Invar 36Ni | Z7: 0 | AA7: 0
A8: 0 | B8: 8 | C8: -450 | D8: - | E8: - | F8: - | G8: - | H8: - | I8: - | J8: - | K8: -3.93 | L8: - | M8: - | N8: - | O8: - | P8: - | Q8: - | R8: - | S8: - | T8: - | U8: - | V8: - | W8: - | X8: - | Y8: - | Z8: 0 | AA8: 0
A9: 0 | B9: 9 | C9: -425 | D9: - | E9: - | F9: - | G9: - | H9: - | I9: - | J9: - | K9: -3.93 | L9: - | M9: - | N9: - | O9: - | P9: - | Q9: - | R9: - | S9: - | T9: - | U9: - | V9: - | W9: - | X9: - | Y9: -0.48 | Z9: 0 | AA9: 0
A10: 0 | B10: 10 | C10: -400 | D10: - | E10: - | F10: - | G10: - | H10: - | I10: - | J10: - | K10: -3.91 | L10: - | M10: - | N10: - | O10: - | P10: - | Q10: - | R10: - | S10: - | T10: - | U10: - | V10: - | W10: - | X10: - | Y10: -0.48 | Z10: 0 | AA10: 0
A11: 0 | B11: 11 | C11: -375 | D11: - | E11: - | F11: - | G11: - | H11: - | I11: - | J11: - | K11: -3.87 | L11: - | M11: - | N11: - | O11: - | P11: - | Q11: - | R11: - | S11: - | T11: - | U11: - | V11: - | W11: - | X11: - | Y11: -0.48 | Z11: 0 | AA11: 0
A12: 0 | B12: 12 | C12: -350 | D12: - | E12: - | F12: - | G12: - | H12: - | I12: - | J12: - | K12: -3.79 | L12: - | M12: - | N12: - | O12: - | P12: - | Q12: - | R12: - | S12: - | T12: - | U12: - | V12: - | W12: - | X12: - | Y12: -0.48 | Z12: 0 | AA12: 0
A13: 0 | B13: 14 | C13: -325 | D13: -2.37 | E13: -2.22 | F13: -3.85 | G13: -2.04 | H13: - | I13: -2.62 | J13: -2.25 | K13: -3.67 | L13: - | M13: - | N13: - | O13: -4.68 | P13: - | Q13: -3.98 | R13: -3.88 | S13: -3.15 | T13: - | U13: - | V13: - | W13: - | X13: - | Y13: -0.47 | Z13: 0 | AA13: 0
A14: 0 | B14: 15 | C14: -300 | D14: -2.24 | E14: -2.1 | F14: -3.63 | G14: -1.92 | H14: - | I14: -2.5 | J14: -2.17 | K14: -3.53 | L14: - | M14: - | N14: - | O14: -4.46 | P14: - | Q14: -3.74 | R14: -3.64 | S14: -2.87 | T14: - | U14: - | V14: - | W14: - | X14: - | Y14: -0.44 | Z14: 0 | AA14: 0
A15: 0 | B15: 16 | C15: -275 | D15: -2.11 | E15: -1.98 | F15: -3.41 | G15: -1.8 | H15: - | I15: -2.38 | J15: -2.07 | K15: -3.36 | L15: - | M15: - | N15: - | O15: -4.21 | P15: - | Q15: -3.5 | R15: -3.4 | S15: -2.7 | T15: - | U15: - | V15: - | W15: - | X15: - | Y15: -0.42 | Z15: 0 | AA15: 0
A16: 0 | B16: 17 | C16: -250 | D16: -1.98 | E16: -1.86 | F16: -3.19 | G16: -1.68 | H16: - | I16: -2.26 | J16: -1.96 | K16: -3.17 | L16: - | M16: - | N16: - | O16: -3.97 | P16: - | Q16: -3.26 | R16: -3.16 | S16: -2.53 | T16: - | U16: - | V16: - | W16: - | X16: - | Y16: -0.38 | Z16: 0 | AA16: 0
A17: 0 | B17: 19 | C17: -225 | D17: -1.85 | E17: -1.74 | F17: -2.96 | G17: -1.57 | H17: - | I17: -2.14 | J17: -1.86 | K17: -2.97 | L17: - | M17: - | N17: - | O17: -3.71 | P17: - | Q17: -3.02 | R17: -2.93 | S17: -2.36 | T17: - | U17: - | V17: - | W17: - | X17: - | Y17: -0.35 | Z17: 0 | AA17: 0
A18: 0 | B18: 20 | C18: -200 | D18: -1.71 | E18: -1.62 | F18: -2.73 | G18: -1.46 | H18: - | I18: -2.02 | J18: -1.76 | K18: -2.76 | L18: - | M18: - | N18: - | O18: -3.44 | P18: - | Q18: -2.78 | R18: -2.7 | S18: -2.19 | T18: - | U18: - | V18: - | W18: - | X18: -1.51 | Y18: -0.31 | Z18: 0 | AA18: 0
A19: 0 | B19: 21 | C19: -175 | D19: -1.58 | E19: -1.5 | F19: -2.5 | G19: -1.35 | H19: - | I19: -1.9 | J19: -1.62 | K19: -2.53 | L19: - | M19: - | N19: - | O19: -3.16 | P19: - | Q19: -2.54 | R19: -2.47 | S19: -2.12 | T19: - | U19: - | V19: - | W19: - | X19: -1.41 | Y19: -0.28 | Z19: 0 | AA19: 0
A20: 0 | B20: 22 | C20: -150 | D20: -1.45 | E20: -1.37 | F20: -2.27 | G20: -1.24 | H20: - | I20: -1.79 | J20: -1.48 | K20: -2.3 | L20: - | M20: - | N20: - | O20: -2.88 | P20: - | Q20: -2.31 | R20: -2.24 | S20: -1.95 | T20: - | U20: - | V20: - | W20: - | X20: -1.29 | Y20: -0.24 | Z20: 0 | AA20: 0
A21: 0 | B21: 24 | C21: -125 | D21: -1.3 | E21: -1.23 | F21: -2.01 | G21: -1.11 | H21: - | I21: -1.59 | J21: -1.33 | K21: -2.06 | L21: - | M21: - | N21: - | O21: -2.57 | P21: - | Q21: -2.06 | R21: -2 | S21: -1.74 | T21: - | U21: - | V21: - | W21: - | X21: -1.16 | Y21: -0.2 | Z21: 0 | AA21: 0
A22: 0 | B22: 25 | C22: -100 | D22: -1.15 | E22: -1.08 | F22: -1.75 | G22: -0.98 | H22: - | I22: -1.38 | J22: -1.17 | K22: -1.81 | L22: - | M22: - | N22: - | O22: -2.27 | P22: - | Q22: -1.81 | R22: -1.76 | S22: -1.53 | T22: - | U22: - | V22: - | W22: - | X22: -1.04 | Y22: -0.18 | Z22: 0 | AA22: 0
A23: 0 | B23: 26 | C23: -75 | D23: -1 | E23: -0.94 | F23: -1.5 | G23: -0.85 | H23: - | I23: -1.18 | J23: -1.01 | K23: -1.56 | L23: - | M23: - | N23: - | O23: -1.97 | P23: - | Q23: -1.56 | R23: -1.52 | S23: -1.33 | T23: - | U23: - | V23: - | W23: - | X23: -0.91 | Y23: -0.16 | Z23: 0 | AA23: 0
A24: 0 | B24: 27 | C24: -50 | D24: -0.84 | E24: -0.79 | F24: -1.24 | G24: -0.72 | H24: - | I24: -0.98 | J24: -0.84 | K24: -1.3 | L24: - | M24: - | N24: - | O24: -1.67 | P24: - | Q24: -1.32 | R24: -1.29 | S24: -1.13 | T24: - | U24: - | V24: - | W24: - | X24: -0.77 | Y24: -0.12 | Z24: 0 | AA24: 0
A25: 0 | B25: 29 | C25: -25 | D25: -0.68 | E25: -0.63 | F25: -0.98 | G25: -0.57 | H25: - | I25: -0.77 | J25: -0.67 | K25: -1.04 | L25: - | M25: - | N25: - | O25: -1.32 | P25: - | Q25: -1.25 | R25: -1.02 | S25: -0.89 | T25: - | U25: - | V25: - | W25: - | X25: -0.62 | Y25: -0.08 | Z25: 0 | AA25: 0
A26: 0 | B26: 30 | C26: 0 | D26: -0.49 | E26: -0.46 | F26: -0.72 | G26: -0.42 | H26: - | I26: -0.57 | J26: -0.5 | K26: -0.77 | L26: - | M26: - | N26: - | O26: -0.97 | P26: - | Q26: -0.77 | R26: -0.75 | S26: -0.66 | T26: - | U26: - | V26: - | W26: - | X26: -0.46 | Y26: -0.06 | Z26: 0 | AA26: 0
A27: 0 | B27: 31 | C27: 25 | D27: -0.32 | E27: -0.3 | F27: -0.46 | G27: -0.27 | H27: - | I27: -0.37 | J27: -0.32 | K27: -0.5 | L27: - | M27: - | N27: - | O27: -0.63 | P27: - | Q27: -0.49 | R27: -0.48 | S27: -0.42 | T27: - | U27: - | V27: - | W27: - | X27: -0.23 | Y27: -0.02 | Z27: 0 | AA27: 0
A28: 0 | B28: 32 | C28: 50 | D28: -0.14 | E28: -0.13 | F28: -0.21 | G28: -0.12 | H28: - | I28: -0.2 | J28: -0.15 | K28: -0.22 | L28: - | M28: - | N28: - | O28: -0.28 | P28: - | Q28: -0.22 | R28: -0.21 | S28: -0.19 | T28: - | U28: - | V28: - | W28: - | X28: -0.14 | Y28: -0.01 | Z28: 0 | AA28: 0
A29: 0 | B29: 34 | C29: 70 | D29: 0 | E29: 0 | F29: 0 | G29: 0 | H29: 0 | I29: 0 | J29: 0 | K29: 0 | L29: 0 | M29: 0 | N29: 0 | O29: 0 | P29: 0 | Q29: 0 | R29: 0 | S29: 0 | T29: 0 | U29: 0 | V29: 0 | W29: 0 | X29: 0 | Y29: 0 | Z29: 0 | AA29: 0
A30: 0 | B30: 35 | C30: 100 | D30: 0.23 | E30: 0.22 | F30: 0.34 | G30: 0.2 | H30: 0.32 | I30: 0.28 | J30: 0.23 | K30: 0.34 | L30: 0.2 | M30: 0.2 | N30: 0.2 | O30: 0.46 | P30: 0.21 | Q30: 0.36 | R30: 0.35 | S30: 0.31 | T30: 0.28 | U30: 0.26 | V30: 0.24 | W30: 0.25 | X30: 0.21 | Y30: 0.02 | Z30: 0 | AA30: 0
A31: 0 | B31: 36 | C31: 125 | D31: 0.42 | E31: 0.4 | F31: 0.62 | G31: 0.36 | H31: 0.58 | I31: 0.52 | J31: 0.42 | K31: 0.63 | L31: 0.35 | M31: 0.35 | N31: 0.4 | O31: 0.85 | P31: 0.38 | Q31: 0.66 | R31: 0.64 | S31: 0.56 | T31: 0.52 | U31: 0.48 | V31: 0.44 | W31: 0.46 | X31: 0.39 | Y31: 0.05 | Z31: 0 | AA31: 0
A32: 0 | B32: 37 | C32: 150 | D32: 0.61 | E32: 0.58 | F32: 0.9 | G32: 0.53 | H32: 0.84 | I32: 0.75 | J32: 0.61 | K32: 0.91 | L32: 0.5 | M32: 0.5 | N32: 0.6 | O32: 1.23 | P32: 0.55 | Q32: 0.96 | R32: 0.94 | S32: 0.82 | T32: 0.76 | U32: 0.7 | V32: 0.65 | W32: 0.66 | X32: 0.57 | Y32: 0.06 | Z32: 0 | AA32: 0
A33: 0 | B33: 39 | C33: 175 | D33: 0.8 | E33: 0.76 | F33: 1.18 | G33: 0.69 | H33: 1.1 | I33: 0.99 | J33: 0.81 | K33: 1.2 | L33: 0.6 | M33: 0.65 | N33: 0.75 | O33: 1.62 | P33: 0.73 | Q33: 1.26 | R33: 1.23 | S33: 1.07 | T33: 0.99 | U33: 0.92 | V33: 0.86 | W33: 0.87 | X33: 0.76 | Y33: 0.08 | Z33: 0 | AA33: 0
A34: 0 | B34: 40 | C34: 200 | D34: 0.99 | E34: 0.94 | F34: 1.46 | G34: 0.86 | H34: 1.37 | I34: 1.22 | J34: 1.01 | K34: 1.49 | L34: 0.7 | M34: 0.8 | N34: 0.9 | O34: 2 | P34: 0.9 | Q34: 1.56 | R34: 1.52 | S34: 1.33 | T34: 1.23 | U34: 1.15 | V34: 1.06 | W34: 1.08 | X34: 0.94 | Y34: 0.1 | Z34: 0 | AA34: 0
A35: 0 | B35: 41 | C35: 225 | D35: 1.21 | E35: 1.13 | F35: 1.75 | G35: 1.03 | H35: 1.64 | I35: 1.46 | J35: 1.21 | K35: 1.79 | L35: 0.85 | M35: 0.95 | N35: 1.1 | O35: 2.41 | P35: 1.08 | Q35: 1.86 | R35: 1.83 | S35: 1.59 | T35: 1.49 | U35: 1.38 | V35: 1.27 | W35: 1.28 | X35: 1.13 | Y35: 0.13 | Z35: 0 | AA35: 0
A36: 0 | B36: 42 | C36: 250 | D36: 1.4 | E36: 1.33 | F36: 2.03 | G36: 1.21 | H36: 1.91 | I36: 1.71 | J36: 1.42 | K36: 2.09 | L36: 1 | M36: 1.1 | N36: 1.3 | O36: 2.83 | P36: 1.27 | Q36: 2.17 | R36: 2.14 | S36: 1.86 | T36: 1.76 | U36: 1.61 | V36: 1.49 | W36: 1.49 | X36: 1.33 | Y36: 0.17 | Z36: 0 | AA36: 0
A37: 0 | B37: 44 | C37: 275 | D37: 1.61 | E37: 1.52 | F37: 2.32 | G37: 1.38 | H37: 2.18 | I37: 1.96 | J37: 1.63 | K37: 2.38 | L37: 1.15 | M37: 1.25 | N37: 1.45 | O37: 3.24 | P37: 1.45 | Q37: 2.48 | R37: 2.45 | S37: 2.13 | T37: 2.03 | U37: 1.85 | V37: 1.7 | W37: 1.7 | X37: 1.53 | Y37: 0.2 | Z37: 0 | AA37: 0
A38: 0 | B38: 45 | C38: 300 | D38: 1.82 | E38: 1.71 | F38: 2.61 | G38: 1.56 | H38: 2.45 | I38: 2.21 | J38: 1.84 | K38: 2.68 | L38: 1.3 | M38: 1.4 | N38: 1.6 | O38: 3.67 | P38: 1.64 | Q38: 2.79 | R38: 2.76 | S38: 2.4 | T38: 2.3 | U38: 2.09 | V38: 1.91 | W38: 1.9 | X38: 1.72 | Y38: 0.24 | Z38: 0 | AA38: 0
A39: 0 | B39: 46 | C39: 325 | D39: 2.04 | E39: 1.9 | F39: 2.9 | G39: 1.74 | H39: 2.72 | I39: 2.44 | J39: 2.05 | K39: 2.99 | L39: 1.45 | M39: 1.55 | N39: 1.8 | O39: 4.09 | P39: 1.83 | Q39: 3.11 | R39: 3.08 | S39: 2.68 | T39: 2.59 | U39: 2.32 | V39: 2.13 | W39: 2.11 | X39: 1.93 | Y39: 0.3 | Z39: 0 | AA39: 0
A40: 0 | B40: 47 | C40: 350 | D40: 2.26 | E40: 2.1 | F40: 3.2 | G40: 1.93 | H40: 2.99 | I40: 2.68 | J40: 2.26 | K40: 3.29 | L40: 1.6 | M40: 1.7 | N40: 2 | O40: 4.52 | P40: 2.03 | Q40: 3.42 | R40: 3.41 | S40: 2.96 | T40: 2.88 | U40: 2.56 | V40: 2.35 | W40: 2.32 | X40: 2.13 | Y40: 0.36 | Z40: 0 | AA40: 0
... A42: 0 | B42: 50 | C42: 400 | D42: 2.7 | E42: 2.5 | F42: 3.8 | G42: 2.3 | H42: 3.53 | I42: 3.25 | J42: 2.69 | K42: 3.9 | L42: 1.9 | M42: 2 | N42: 2.4 | O42: 5.39 | P42: 2.42 | Q42: 4.05 | R42: 4.05 | S42: 3.52 | T42: 3.48 | U42: 3.05 | V42: 2.79 | W42: 2.73 | X42: 2.56 | Y42: 0.48 | Z42: 0 | AA42: 0
A43: 0 | B43: 51 | C43: 425 | D43: 2.93 | E43: 2.72 | F43: 4.1 | G43: 2.5 | H43: 3.8 | I43: 3.52 | J43: 2.91 | K43: 4.21 | L43: 2.05 | M43: 2.15 | N43: 2.6 | O43: 5.83 | P43: 2.62 | Q43: 4.37 | R43: 4.38 | S43: . | T43: 3.76 | U43: 3.29 | V43: 3.01 | W43: 2.94 | X43: 2.79 | Y43: 0.56 | Z43: 0 | AA43: 0
A44: 0 | B44: 52 | C44: 450 | D44: 3.16 | E44: 2.93 | F44: 4.41 | G44: 2.69 | H44: 4.07 | I44: 3.79 | J44: 3.13 | K44: 4.51 | L44: 2.2 | M44: 2.3 | N44: 2.8 | O44: 6.28 | P44: 2.83 | Q44: 4.69 | R44: 4.72 | S44: . | T44: 4.04 | U44: 3.53 | V44: 3.24 | W44: 3.15 | X44: 3.04 | Y44: 0.66 | Z44: 0 | AA44: 0
A45: 0 | B45: 54 | C45: 475 | D45: 3.39 | E45: 3.14 | F45: 4.71 | G45: 2.89 | H45: 4.34 | I45: 4.06 | J45: 3.35 | K45: 4.82 | L45: 2.35 | M45: 2.45 | N45: 3 | O45: 6.72 | P45: 3.03 | Q45: 5.01 | R45: 5.06 | S45: . | T45: 4.31 | U45: 3.78 | V45: 3.46 | W45: 3.37 | X45: 3.28 | Y45: 0.76 | Z45: 0 | AA45: 0
A46: 0 | B46: 55 | C46: 500 | D46: 3.62 | E46: 3.35 | F46: 5.01 | G46: 3.08 | H46: 4.61 | I46: 4.33 | J46: 3.58 | K46: 5.14 | L46: 2.5 | M46: 2.6 | N46: 3.2 | O46: 7.17 | P46: 3.24 | Q46: 5.33 | R46: 5.4 | S46: . | T46: 4.59 | U46: 4.02 | V46: 3.69 | W46: 3.59 | X46: 3.54 | Y46: 0.84 | Z46: 0 | AA46: 0
A47: 0 | B47: 56 | C47: 525 | D47: 3.86 | E47: 3.58 | F47: 5.31 | G47: 3.28 | H47: 4.88 | I47: 4.61 | J47: 3.81 | K47: 5.45 | L47: 2.65 | M47: 2.75 | N47: 3.4 | O47: 7.63 | P47: 3.46 | Q47: 5.65 | R47: 5.75 | S47: . | T47: 4.87 | U47: 4.27 | V47: 3.92 | W47: 3.8 | X47: 3.76 | Y47: 0.96 | Z47: 0 | AA47: 0
A48: 0 | B48: 57 | C48: 550 | D48: 4.11 | E48: 3.8 | F48: 5.62 | G48: 3.49 | H48: 5.15 | I48: 4.9 | J48: 4.04 | K48: 5.76 | L48: 2.8 | M48: 2.9 | N48: 3.6 | O48: 8.1 | P48: 3.67 | Q48: 5.98 | R48: 6.1 | S48: . | T48: 5.16 | U48: 4.52 | V48: 4.15 | W48: 4.02 | X48: 3.99 | Y48: 1.08 | Z48: 0 | AA48: 0
A49: 0 | B49: 59 | C49: 575 | D49: 4.35 | E49: 4.02 | F49: 5.93 | G49: 3.69 | H49: 5.42 | I49: 5.18 | J49: 4.27 | K49: 6.07 | L49: 2.95 | M49: 3.1 | N49: 3.8 | O49: 8.56 | P49: 3.89 | Q49: 6.31 | R49: 6.45 | S49: . | T49: 5.44 | U49: 4.77 | V49: 4.39 | W49: 4.24 | X49: 4.22 | Y49: 1.2 | Z49: 0 | AA49: 0
A50: 0 | B50: 60 | C50: 600 | D50: 4.6 | E50: 4.24 | F50: 6.24 | G50: 3.9 | H50: 5.69 | I50: 5.46 | J50: 4.5 | K50: 6.09 | L50: 3.1 | M50: 3.3 | N50: 4 | O50: 9.03 | P50: 4.11 | Q50: 6.64 | R50: 6.8 | S50: . | T50: 5.72 | U50: 5.02 | V50: 4.62 | W50: 4.46 | X50: 4.44 | Y50: 1.32 | Z50: 0 | AA50: 0
A51: 0 | B51: 61 | C51: 625 | D51: 4.86 | E51: 4.47 | F51: 6.55 | G51: 4.1 | H51: 5.96 | I51: 5.75 | J51: 4.74 | K51: . | L51: 3.25 | M51: . | N51: 4.2 | O51: . | P51: 4.34 | Q51: 6.96 | R51: 7.16 | S51: . | T51: 6.01 | U51: 5.27 | V51: 4.86 | W51: 4.68 | X51: 4.66 | Y51: . | Z51: 0 | AA51: 0
A52: 0 | B52: 62 | C52: 650 | D52: 5.11 | E52: 4.69 | F52: 6.87 | G52: 4.31 | H52: 6.23 | I52: 6.05 | J52: 4.98 | K52: . | L52: 3.4 | M52: . | N52: 4.4 | O52: . | P52: 4.57 | Q52: 7.29 | R52: 7.53 | S52: . | T52: 6.3 | U52: 5.53 | V52: 5.09 | W52: 4.91 | X52: 4.9 | Y52: . | Z52: 0 | AA52: 0
A53: 0 | B53: 64 | C53: 675 | D53: 5.37 | E53: 4.92 | F53: 7.18 | G53: 4.52 | H53: 6.5 | I53: 6.34 | J53: 5.22 | K53: . | L53: 3.6 | M53: . | N53: 4.65 | O53: . | P53: 4.8 | Q53: 7.62 | R53: 7.89 | S53: . | T53: 6.58 | U53: 5.79 | V53: 5.33 | W53: 5.13 | X53: 5.14 | Y53: . | Z53: 0 | AA53: 0
A54: 0 | B54: 65 | C54: 700 | D54: 5.63 | E54: 5.14 | F54: 7.5 | G54: 4.73 | H54: 6.77 | I54: 6.64 | J54: 5.46 | K54: . | L54: 3.8 | M54: . | N54: 4.9 | O54: . | P54: 5.03 | Q54: 7.95 | R54: 8.26 | S54: . | T54: 6.88 | U54: 6.05 | V54: 5.58 | W54: 5.36 | X54: 5.39 | Y54: . | Z54: 0 | AA54: 0
A55: 0 | B55: 66 | C55: 725 | D55: 5.9 | E55: 5.38 | F55: 7.82 | G55: 4.94 | H55: 7.04 | I55: 6.94 | J55: 5.7 | K55: . | L55: 3.95 | M55: . | N55: 5.1 | O55: . | P55: 5.26 | Q55: 8.28 | R55: 8.64 | S55: . | T55: 7.17 | U55: 6.31 | V55: 5.82 | W55: 5.59 | X55: 5.6 | Y55: . | Z55: 0 | AA55: 0
A56: 0 | B56: 67 | C56: 750 | D56: 6.16 | E56: 5.62 | F56: 8.15 | G56: 5.16 | H56: 7.31 | I56: 7.25 | J56: 5.94 | K56: . | L56: 4.1 | M56: . | N56: 5.3 | O56: . | P56: 5.5 | Q56: 8.62 | R56: 9.02 | S56: . | T56: 7.47 | U56: 6.57 | V56: 6.06 | W56: 5.83 | X56: 5.85 | Y56: . | Z56: 0 | AA56: 0
A57: 0 | B57: 69 | C57: 775 | D57: 6.43 | E57: 5.86 | F57: 8.47 | G57: 5.38 | H57: 7.58 | I57: 7.55 | J57: 6.18 | K57: . | L57: 4.3 | M57: . | N57: 5.5 | O57: . | P57: 5.74 | Q57: 8.96 | R57: 9.4 | S57: . | T57: 7.76 | U57: 6.84 | V57: 6.31 | W57: 6.06 | X57: 6.1 | Y57: . | Z57: 0 | AA57: 0
A58: 0 | B58: 70 | C58: 800 | D58: 6.7 | E58: 6.1 | F58: 8.8 | G58: 5.6 | H58: 7.85 | I58: 7.85 | J58: 6.43 | K58: . | L58: 4.5 | M58: . | N58: 5.7 | O58: . | P58: 5.98 | Q58: 9.3 | R58: 9.78 | S58: . | T58: 8.06 | U58: 7.1 | V58: 6.56 | W58: 6.3 | X58: 6.35 | Y58: . | Z58: 0 | AA58: 0
A59: 0 | B59: 71 | C59: 825 | D59: 6.97 | E59: 6.34 | F59: 9.13 | G59: 5.82 | H59: 8.15 | I59: 8.16 | J59: 6.68 | K59: . | L59: . | M59: . | N59: 5.9 | O59: . | P59: 6.22 | Q59: 9.64 | R59: 10.17 | S59: . | T59: 8.35 | U59: . | V59: 6.81 | W59: 6.54 | X59: 6.59 | Y59: . | Z59: 0 | AA59: 0
A60: 0 | B60: 72 | C60: 850 | D60: 7.25 | E60: 6.59 | F60: 9.46 | G60: 6.05 | H60: 8.45 | I60: 8.48 | J60: 6.93 | K60: . | L60: . | M60: . | N60: 6.1 | O60: . | P60: 6.47 | Q60: 9.99 | R60: 10.57 | S60: . | T60: 8.66 | U60: . | V60: 7.06 | W60: 6.78 | X60: 6.85 | Y60: . | Z60: 0 | AA60: 0
A61: 0 | B61: 74 | C61: 875 | D61: 7.53 | E61: 6.83 | F61: 9.79 | G61: 6.27 | H61: 8.75 | I61: 8.8 | J61: 7.18 | K61: . | L61: . | M61: . | N61: 6.3 | O61: . | P61: 6.72 | Q61: 10.33 | R61: 10.96 | S61: . | T61: 8.95 | U61: . | V61: 7.31 | W61: 7.02 | X61: 7.09 | Y61: . | Z61: 0 | AA61: 0
A62: 0 | B62: 75 | C62: 900 | D62: 7.81 | E62: 7.07 | F62: 10.12 | G62: 6.49 | H62: 9.05 | I62: 9.12 | J62: 7.43 | K62: . | L62: . | M62: . | N62: 6.5 | O62: . | P62: 6.97 | Q62: 10.68 | R62: 11.35 | S62: . | T62: 9.26 | U62: . | V62: 7.57 | W62: 7.29 | X62: 7.35 | Y62: . | Z62: 0 | AA62: 0
A63: 0 | B63: 76 | C63: 925 | D63: 8.08 | E63: 7.31 | F63: 10.46 | G63: 6.71 | H63: 9.35 | I63: 9.44 | J63: 7.68 | K63: . | L63: . | M63: . | N63: 6.7 | O63: . | P63: 7.23 | Q63: 11.02 | R63: 11.75 | S63: . | T63: 9.56 | U63: . | V63: 7.82 | W63: 7.51 | X63: 7.64 | Y63: . | Z63: 0 | AA63: 0
A64: 0 | B64: 77 | C64: 950 | D64: 8.35 | E64: 7.56 | F64: 10.8 | G64: 6.94 | H64: 9.65 | I64: 9.77 | J64: 7.93 | K64: . | L64: . | M64: . | N64: 6.9 | O64: . | P64: 7.5 | Q64: 11.37 | R64: 12.16 | S64: . | T64: 9.87 | U64: . | V64: 8.08 | W64: 7.76 | X64: 7.86 | Y64: . | Z64: 0 | AA64: 0
A65: 0 | B65: 79 | C65: 975 | D65: 8.62 | E65: 7.81 | F65: 11.14 | G65: 7.17 | H65: 9.95 | I65: 10.09 | J65: 8.17 | K65: . | L65: . | M65: . | N65: 7.1 | O65: . | P65: 7.76 | Q65: 11.71 | R65: 12.57 | S65: . | T65: 10.18 | U65: . | V65: 8.34 | W65: 8.01 | X65: 8.11 | Y65: . | Z65: 0 | AA65: 0
A66: 0 | B66: 80 | C66: 1000 | D66: 8.89 | E66: 8.06 | F66: 11.48 | G66: 7.4 | H66: 10.25 | I66: 10.42 | J66: 8.41 | K66: . | L66: . | M66: . | N66: 7.3 | O66: . | P66: 8.02 | Q66: 12.05 | R66: 12.98 | S66: . | T66: 10.49 | U66: . | V66: 8.6 | W66: 8.26 | X66: 8.35 | Y66: . | Z66: 0 | AA66: 0
A67: 0 | B67: 81 | C67: 1025 | D67: 9.17 | E67: 8.3 | F67: 11.82 | G67: 7.62 | H67: 10.55 | I67: 10.75 | J67: . | K67: . | L67: . | M67: . | N67: 7.5 | O67: . | P67: . | Q67: 12.4 | R67: 13.39 | S67: . | T67: 10.8 | U67: . | V67: 8.87 | W67: 8.52 | X67: . | Y67: . | Z67: 0 | AA67: 0
A68: 0 | B68: 82 | C68: 1050 | D68: 9.46 | E68: 8.55 | F68: 12.16 | G68: 7.95 | H68: 10.85 | I68: 11.09 | J68: . | K68: . | L68: . | M68: . | N68: 7.7 | O68: . | P68: . | Q68: 12.76 | R68: 13.81 | S68: . | T68: 11.11 | U68: . | V68: 9.13 | W68: 8.77 | X68: . | Y68: . | Z68: 0 | AA68: 0
A69: 0 | B69: 84 | C69: 1075 | D69: 9.75 | E69: 8.8 | F69: 12.5 | G69: 8.18 | H69: 11.15 | I69: 11.43 | J69: . | K69: . | L69: . | M69: . | N69: 7.9 | O69: . | P69: . | Q69: 13.11 | R69: 14.23 | S69: . | T69: 11.42 | U69: . | V69: 9.4 | W69: 9.02 | X69: . | Y69: . | Z69: 0 | AA69: 0
A70: 0 | B70: 85 | C70: 1100 | D70: 10.04 | E70: 9.05 | F70: 12.84 | G70: 8.31 | H70: 11.45 | I70: 11.77 | J70: . | K70: . | L70: . | M70: . | N70: 8.1 | O70: . | P70: . | Q70: 13.47 | R70: 14.65 | S70: . | T70: 11.74 | U70: . | V70: 9.67 | W70: 9.28 | X70: . | Y70: . | Z70: 0 | AA70: 0
A71: 0 | B71: 86 | C71: 1125 | D71: 10.31 | E71: 9.28 | F71: 13.18 | G71: 8.53 | H71: 11.78 | I71: 12.11 | J71: . | K71: . | L71: . | M71: . | N71: 8.3 | O71: . | P71: . | Q71: . | R71: . | S71: . | T71: 12.05 | U71: . | V71: 9.94 | W71: 9.53 | X71: . | Y71: . | Z71: 0 | AA71: 0
A72: 0 | B72: 87 | C72: 1150 | D72: 10.57 | E72: 9.52 | F72: 13.52 | G72: 8.76 | H72: 12.11 | I72: 12.47 | J72: . | K72: . | L72: . | M72: . | N72: 8.5 | O72: . | P72: . | Q72: . | R72: . | S72: . | T72: 12.38 | U72: . | V72: 10.21 | W72: 9.79 | X72: . | Y72: . | Z72: 0 | AA72: 0
A73: 0 | B73: 89 | C73: 1175 | D73: 10.83 | E73: 9.76 | F73: 13.86 | G73: 8.98 | H73: 12.44 | I73: 12.81 | J73: . | K73: . | L73: . | M73: . | N73: 8.75 | O73: . | P73: . | Q73: . | R73: . | S73: . | T73: 12.69 | U73: . | V73: 10.48 | W73: 10.05 | X73: . | Y73: . | Z73: 0 | AA73: 0
A74: 0 | B74: 90 | C74: 1200 | D74: 11.1 | E74: 10 | F74: 14.2 | G74: 9.2 | H74: 12.77 | I74: 13.15 | J74: . | K74: . | L74: . | M74: . | N74: 9 | O74: . | P74: . | Q74: . | R74: . | S74: . | T74: 13.02 | U74: . | V74: 10.75 | W74: 10.3 | X74: . | Y74: . | Z74: 0 | AA74: 0
A75: 0 | B75: 91 | C75: 1225 | D75: 11.38 | E75: 10.26 | F75: 14.54 | G75: 9.42 | H75: 13.1 | I75: 13.5 | J75: . | K75: . | L75: . | M75: . | N75: 9.2 | O75: . | P75: . | Q75: . | R75: . | S75: . | T75: 13.36 | U75: . | V75: . | W75: . | X75: . | Y75: . | Z75: 0 | AA75: 0
A76: 0 | B76: 92 | C76: 1250 | D76: 11.66 | E76: 10.53 | F76: 14.88 | G76: 9.65 | H76: 13.43 | I76: 13.86 | J76: . | K76: . | L76: . | M76: . | N76: 9.4 | O76: . | P76: . | Q76: . | R76: . | S76: . | T76: 13.71 | U76: . | V76: . | W76: . | X76: . | Y76: . | Z76: 0 | AA76: 0
A77: 0 | B77: 94 | C77: 1275 | D77: 11.94 | E77: 10.79 | F77: 15.22 | G77: 9.88 | H77: 13.76 | I77: 14.22 | J77: . | K77: . | L77: . | M77: . | N77: 9.65 | O77: . | P77: . | Q77: . | R77: . | S77: . | T77: 14.04 | U77: . | V77: . | W77: . | X77: . | Y77: . | Z77: 0 | AA77: 0
A78: 0 | B78: 95 | C78: 1300 | D78: 12.22 | E78: 11.06 | F78: 15.56 | G78: 10.11 | H78: 14.09 | I78: 14.58 | J78: . | K78: . | L78: . | M78: . | N78: 9.9 | O78: . | P78: . | Q78: . | R78: . | S78: . | T78: 14.39 | U78: . | V78: . | W78: . | X78: . | Y78: . | Z78: 0 | AA78: 0
A79: 0 | B79: 96 | C79: 1325 | D79: 12.5 | E79: 11.3 | F79: 15.9 | G79: 10.33 | H79: 14.39 | I79: 14.94 | J79: . | K79: . | L79: . | M79: . | N79: 10.1 | O79: . | P79: . | Q79: . | R79: . | S79: . | T79: 14.74 | U79: . | V79: . | W79: . | X79: . | Y79: . | Z79: 0 | AA79: 0
A80: 0 | B80: 97 | C80: 1350 | D80: 12.78 | E80: 11.55 | F80: 16.24 | G80: 10.56 | H80: 14.69 | I80: 15.3 | J80: . | K80: . | L80: . | M80: . | N80: 10.5 | O80: . | P80: . | Q80: . | R80: . | S80: . | T80: 15.1 | U80: . | V80: . | W80: . | X80: . | Y80: . | Z80: 0 | AA80: 0
A81: 0 | B81: 99 | C81: 1375 | D81: 13.06 | E81: 11.8 | F81: 16.58 | G81: 10.78 | H81: 14.99 | I81: 15.66 | J81: . | K81: . | L81: . | M81: . | N81: 10.8 | O81: . | P81: . | Q81: . | R81: . | S81: . | T81: 15.44 | U81: . | V81: . | W81: . | X81: . | Y81: . | Z81: 0 | AA81: 0
A82: 0 | B82: 100 | C82: 1400 | D82: 13.34 | E82: 12.05 | F82: 16.92 | G82: 11.01 | H82: 15.29 | I82: 16.02 | J82: . | K82: . | L82: . | M82: . | N82: 11.1 | O82: . | P82: . | Q82: . | R82: . | S82: . | T82: 15.8 | U82: . | V82: . | W82: . | X82: . | Y82: . | Z82: 0 | AA82: 0
A83: 0 | B83: 101 | C83: 1425 | D83: . | E83: . | F83: 17.3 | G83: . | H83: . | I83: . | J83: . | K83: . | L83: . | M83: . | N83: 11.5 | O83: . | P83: . | Q83: . | R83: . | S83: . | T83: 16.16 | U83: . | V83: . | W83: . | X83: . | Y83: . | Z83: 0 | AA83: 0
A84: 0 | B84: 102 | C84: 1450 | D84: . | E84: . | F84: 17.69 | G84: . | H84: . | I84: . | J84: . | K84: . | L84: . | M84: . | N84: 11.9 | O84: . | P84: . | Q84: . | R84: . | S84: . | T84: 16.53 | U84: . | V84: . | W84: . | X84: . | Y84: . | Z84: 0 | AA84: 0
A85: 0 | B85: 104 | C85: 1475 | D85: . | E85: . | F85: 18.08 | G85: . | H85: . | I85: . | J85: . | K85: . | L85: . | M85: . | N85: 12.3 | O85: . | P85: . | Q85: . | R85: . | S85: . | T85: 16.88 | U85: . | V85: . | W85: . | X85: . | Y85: . | Z85: 0 | AA85: 0
A86: 0 | B86: 105 | C86: 1500 | D86: . | E86: . | F86: 18.47 | G86: . | H86: . | I86: . | J86: . | K86: . | L86: . | M86: . | N86: 12.7 | O86: . | P86: . | Q86: . | R86: . | S86: . | T86: 17.25 | U86: . | V86: . | W86: . | X86: . | Y86: . | Z86: 0 | AA86: 0
A87: 0 | B87: 106 | C87: GENERAL NOTE: For Code reference to this Appendix, see para.319.3.1. These data are for use in the absence of more applicable data. It | D87: 0 | E87: 0 | F87: 0 | G87: 0 | H87: 0 | I87: 0 | J87: 0 | K87: 0 | L87: 0 | M87: 0 | N87: 0 | O87: 0 | P87: 0 | Q87: 0 | R87: 0 | S87: 0 | T87: 0 | U87: 0 | V87: 0 | W87: 0 | X87: 0 | Y87: 0 | Z87: 0 | AA87: 0
A88: 0 | B88: 107 | C88: is the designer's responsibility to verify that materials are suitable for the intended service at the temperatures shown. | D88: 0 | E88: 0 | F88: 0 | G88: 0 | H88: 0 | I88: 0 | J88: 0 | K88: 0 | L88: 0 | M88: 0 | N88: 0 | O88: 0 | P88: 0 | Q88: 0 | R88: 0 | S88: 0 | T88: 0 | U88: 0 | V88: 0 | W88: 0 | X88: 0 | Y88: 0 | Z88: 0 | AA88: 0
A89: 0 | B89: 108 | D89: 0 | E89: 0 | F89: 0 | G89: 0 | H89: 0 | I89: 0 | J89: 0 | K89: 0 | L89: 0 | M89: 0 | N89: 0 | O89: 0 | P89: 0 | Q89: 0 | R89: 0 | S89: 0 | T89: 0 | U89: 0 | V89: 0 | W89: 0 | X89: 0 | Y89: 0 | Z89: 0 | AA89: 0
A90: 0 | B90: 0 | C90: 0 | D90: 0 | E90: 0 | F90: 0 | G90: 0 | H90: 0 | I90: 0 | J90: 0 | K90: 0 | L90: 0 | M90: 0 | N90: 0 | O90: 0 | P90: 0 | Q90: 0 | R90: 0 | S90: 0 | T90: 0 | U90: 0 | V90: 0 | W90: 0 | X90: 0 | Y90: 0 | Z90: 0 | AA90: 0
A91: 0 | B91: 0 | C91: 0 | D91: 0 | E91: 0 | F91: 0 | G91: 0 | H91: 0 | I91: 0 | J91: 0 | K91: 0 | L91: 0 | M91: 0 | N91: 0 | O91: 0 | P91: 0 | Q91: 0 | R91: 0 | S91: 0 | T91: 0 | U91: 0 | V91: 0 | W91: 0 | X91: 0 | Y91: 0 | Z91: 0 | AA91: 0
A92: 0 | B92: 0 | C92: 0 | D92: 0 | E92: 0 | F92: 0 | G92: 0 | H92: 0 | I92: 0 | J92: 0 | K92: 0 | L92: 0 | M92: 0 | N92: 0 | O92: 0 | P92: 0 | Q92: 0 | R92: 0 | S92: 0 | T92: 0 | U92: 0 | V92: 0 | W92: 0 | X92: 0 | Y92: 0 | Z92: 0 | AA92: 0
A93: 0 | B93: 0 | C93: 0 | D93: 0 | E93: 0 | F93: 0 | G93: 0 | H93: 0 | I93: 0 | J93: 0 | K93: 0 | L93: 0 | M93: 0 | N93: 0 | O93: 0 | P93: 0 | Q93: 0 | R93: 0 | S93: 0 | T93: 0 | U93: 0 | V93: 0 | W93: 0 | X93: 0 | Y93: 0 | Z93: 0 | AA93: 0
A94: 0 | B94: 0 | C94: 0 | D94: 0 | E94: 0 | F94: 0 | G94: 0 | H94: 0 | I94: 0 | J94: 0 | K94: 0 | L94: 0 | M94: 0 | N94: 0 | O94: 0 | P94: 0 | Q94: 0 | R94: 0 | S94: 0 | T94: 0 | U94: 0 | V94: 0 | W94: 0 | X94: 0 | Y94: 0 | Z94: 0 | AA94: 0
A95: 0 | B95: 0 | C95: 0 | D95: 0 | E95: 0 | F95: 0 | G95: 0 | H95: 0 | I95: 0 | J95: 0 | K95: 0 | L95: 0 | M95: 0 | N95: 0 | O95: 0 | P95: 0 | Q95: 0 | R95: 0 | S95: 0 | T95: 0 | U95: 0 | V95: 0 | W95: 0 | X95: 0 | Y95: 0 | Z95: 0 | AA95: 0
A96: 0 | B96: 0 | C96: 0 | D96: 0 | E96: 0 | F96: 0 | G96: 0 | H96: 0 | I96: 0 | J96: 0 | K96: 0 | L96: 0 | M96: 0 | N96: 0 | O96: 0 | P96: 0 | Q96: 0 | R96: 0 | S96: 0 | T96: 0 | U96: 0 | V96: 0 | W96: 0 | X96: 0 | Y96: 0 | Z96: 0 | AA96: 0
A97: 0 | B97: 0 | C97: 0 | D97: 0 | E97: 0 | F97: 0 | G97: 0 | H97: 0 | I97: 0 | J97: 0 | K97: 0 | L97: 0 | M97: 0 | N97: 0 | O97: 0 | P97: 0 | Q97: 0 | R97: 0 | S97: 0 | T97: 0 | U97: 0 | V97: 0 | W97: 0 | X97: 0 | Y97: 0 | Z97: 0 | AA97: 0
A98: 0 | B98: 0 | C98: 0 | D98: 0 | E98: 0 | F98: 0 | G98: 0 | H98: 0 | I98: 0 | J98: 0 | K98: 0 | L98: 0 | M98: 0 | N98: 0 | O98: 0 | P98: 0 | Q98: 0 | R98: 0 | S98: 0 | T98: 0 | U98: 0 | V98: 0 | W98: 0 | X98: 0 | Y98: 0 | Z98: 0 | AA98: 0
A99: 0 | B99: 0 | C99: 0 | D99: 0 | E99: 0 | F99: 0 | G99: 0 | H99: 0 | I99: 0 | J99: 0 | K99: 0 | L99: 0 | M99: 0 | N99: 0 | O99: 0 | P99: 0 | Q99: 0 | R99: 0 | S99: 0 | T99: 0 | U99: 0 | V99: 0 | W99: 0 | X99: 0 | Y99: 0 | Z99: 0 | AA99: 0
A100: 0 | B100: 0 | C100: 0 | D100: 0 | E100: 0 | F100: 0 | G100: 0 | H100: 0 | I100: 0 | J100: 0 | K100: 0 | L100: 0 | M100: 0 | N100: 0 | O100: 0 | P100: 0 | Q100: 0 | R100: 0 | S100: 0 | T100: 0 | U100: 0 | V100: 0 | W100: 0 | X100: 0 | Y100: 0 | Z100: 0 | AA100: 0
A101: 0 | B101: 0 | C101: 0 | D101: 0 | E101: 0 | F101: 0 | G101: 0 | H101: 0 | I101: 0 | J101: 0 | K101: 0 | L101: 0 | M101: 0 | N101: 0 | O101: 0 | P101: 0 | Q101: 0 | R101: 0 | S101: 0 | T101: 0 | U101: 0 | V101: 0 | W101: 0 | X101: 0 | Y101: 0 | Z101: 0 | AA101: 0
...
